,FOXG1,NFIA,NFIB,NEUROD6,BCL11A,DCX,OTX2,FABP7,BCAT1,GAD1,DLX6,WNT2B,RSPO2,RSPO3,WLS,COL3A1,LUM,DCN,SPARC,cluster
SRR2967100,0.0,0.010785532,0.010785532,0.0,0.0,0.042461246,0.0,0.0,2.0854905,0.0,0.0,0.032013763,0.0,0.010785532,0.0,0.0,0.0,0.0,1.5459335,C1
SRR2967101,0.9980118,0.025912432,0.0,0.0,0.0,2.3160317,1.4725037,1.311146,2.729585,0.0,0.0,0.0,0.0,0.0,0.051170334,0.0,0.0,0.0,1.2301264,C2
SRR2967102,0.15144351,1.1080475,0.0,0.0,0.13226983,0.06003115,0.69913435,0.96893084,2.516406,0.0,0.0,0.0,0.0044095223,0.0,0.0,0.0,0.0,0.0,1.6907742,C1
SRR2967103,0.3820963,0.010288077,0.0,0.0,0.0,1.9087312,1.53362,0.39958525,3.1192136,0.0,0.0,0.0,0.0,0.0,0.0,0.0,0.0,0.0,0.0,C2
SRR2967104,1.4389833,0.0,0.020102188,0.0,0.0,0.16440304,1.5654784,0.9091891,2.6149573,0.0,0.0,0.016113948,0.0,0.0,0.0,0.0,0.0,0.0,2.681347,C4
SRR2967105,0.0,0.0,0.017408233,0.0,0.0,2.615846,0.0,0.02314428,2.1460571,0.0,0.0,0.5457138,0.0,0.02314428,0.6456885,0.0,0.0,0.0,0.54909974,C4
SRR2967106,0.008762704,0.00439095,0.0,0.0,0.50421786,1.4285959,1.1168065,1.6550577,2.8748236,1.3335221,0.0,0.0,0.0,0.0,0.068041444,0.0,0.0,0.0,1.2860209,C1
SRR2967107,1.5612928,0.013647245,0.0,0.0,0.13477416,4.758348,0.07922215,0.0,0.04697211,0.6236202,0.20993145,0.020401653,0.0,0.013647245,0.05350586,0.0,0.0,0.0,0.027110748,C3
SRR2967108,0.0,0.011763707,0.0,0.0,0.0,0.011763707,0.76720315,0.023390636,2.0554037,0.0,0.0,0.011763707,0.0,0.0,0.01759407,0.03488393,0.0,0.36313316,1.0056046,C4
SRR2967109,0.0,2.4458299,1.07389,0.0,0.0,0.0,0.6242184,0.029285355,1.39039,0.2828471,0.0,0.0,0.0,0.9554499,0.9743221,0.0,0.0,0.0,2.683808,C5
SRR2967110,0.0,0.0,0.0,0.0,0.0,0.0,0.0,0.32911235,2.3404677,0.0,0.0,1.7645934,0.28124514,0.0,0.042392388,0.0,0.021420816,0.0,2.7640538,C5
SRR2967111,0.018421274,0.0,0.0,0.0,0.0,1.9869684,0.018421274,0.51241136,2.3733146,0.0,0.0,0.3161528,0.0,0.0,0.6716618,0.0,0.0,0.0,2.3938882,C2
SRR2967112,1.6392355,0.13221188,0.43859133,0.0,0.16428277,0.87799126,1.5438412,0.89940417,2.981141,0.0,0.0,0.022073029,0.0,0.0,0.0,0.0,0.0,0.0,1.1661232,C2
SRR2967113,0.0,0.0,0.0,0.0,0.0,3.4002562,1.1476808,0.037557628,1.2270422,0.0,0.0,1.7773398,0.0,0.0,0.6024955,0.0,0.0,0.0,1.3671033,C3
SRR2967114,0.9564598,0.0,0.0,0.0,0.0,3.430746,0.73457533,1.1348048,2.9989018,0.0,0.0,0.0,0.0,0.0,0.0,0.0,0.0,0.0,1.6280845,C2
SRR2967115,1.5568297,0.0,0.0,0.0,0.0,2.742427,0.0,1.6948843,3.382814,0.0,0.0,0.0,0.0,0.0,0.0,0.0,0.0,0.0,1.2878515,C2
SRR2967116,0.49689636,0.0,0.0,0.0,0.08146194,0.16880494,0.84572244,1.1474307,3.3411276,0.0,0.0,0.0,0.0,0.0,0.0,0.0,0.0,0.0,0.8426819,C1
SRR2967117,0.44576985,0.0,0.0,0.0,0.0,0.017005485,0.7428633,1.0689518,3.9204793,0.0,0.0,0.0,0.0,0.0,0.008538891,0.0,0.0,0.0,1.6399294,C2
SRR2967118,0.3298338,0.0,0.009721022,0.0,0.0,1.7788913,0.28677648,0.67654717,3.3944182,0.0,0.0,0.0,0.0,0.0,0.106463104,0.0,0.0,0.0,0.8983285,C2
SRR2967119,0.46205908,0.42060006,1.3666961,0.0,0.33726454,2.061109,0.014223706,0.20636803,2.1706908,0.0,0.0,0.0,0.0,0.0,0.5105027,0.0,0.0,0.0,0.900643,C2
SRR2967120,0.0,0.3842132,0.58949167,0.0,0.21290828,2.2019782,0.8700892,0.78223616,2.535781,0.0,0.0,0.0,0.0,0.0,0.0,0.0,0.0,0.0,0.3924651,C1
SRR2967121,0.0,0.0,0.015439994,0.0,0.0,0.14461802,0.0,0.015439994,1.7804388,0.0,0.0,0.0,0.0,0.0,0.0,0.0,0.0,0.0,0.55782604,C2
SRR2967122,0.15855359,0.0,0.0,0.0,0.28402737,2.2405722,0.0,0.60086733,2.328529,0.0,0.0,0.0,0.0,0.0,0.0,0.0,0.0,0.0,0.4865032,C1
SRR2967123,1.9770297,0.16525157,0.8661009,0.0,0.21799397,2.0923254,0.70024663,2.1818209,3.121245,0.0,0.0,0.0,0.0,0.0,0.007954495,0.0,0.0,0.007954495,1.6857343,C1
SRR2967124,1.4599816,0.0,0.0,0.0,0.0,1.9361706,1.2276437,0.6590828,2.821943,0.0,0.0,0.0,0.0,0.0,0.0,0.0,0.0,0.0,0.14950773,C2
SRR2967125,0.75783473,0.0,0.0,0.0,0.020402292,4.2109666,0.0,0.53714144,0.0,0.0,0.0,0.0,0.0,0.0,0.0,0.0,0.0,0.0,0.0,C2
SRR2967126,1.4120253,0.38278833,1.7619855,0.0,0.1611727,0.06352202,1.1047591,0.54736936,2.3667378,0.0,0.0,0.090508595,0.0,0.0,0.077106334,0.0,0.0,0.0,2.3227282,C1
SRR2967127,0.92772233,0.0,0.019915404,0.0,0.21622403,3.706896,1.4768949,0.9513057,2.361319,0.0,0.0,0.0,0.0,0.0,0.0,0.0,0.0,0.0,0.5329939,C2
SRR2967128,0.06330436,0.0,0.0,0.0,0.032153025,2.185055,0.49297076,0.09351453,1.2757443,0.0,0.0,0.8775696,0.0,0.0,0.12283875,0.0,0.0,0.0,1.3630568,C1
SRR2967129,1.2606533,0.34800705,0.661882,0.0,0.015022674,1.7921718,0.0075395466,1.1756165,2.6923451,0.0,0.0,0.4051255,0.0,0.0,0.0,0.0,0.6015342,0.0,1.5684402,C1
SRR2967130,2.6347332,0.0,0.7105781,0.0,2.4231284,3.007312,2.668747,1.0211022,0.52014375,0.0,0.0,0.0,0.0,0.0,0.0,0.0,0.0,0.0,1.5285147,C2
SRR2967131,0.910492,0.24524997,0.25272167,0.0,0.0,2.1760113,0.86715066,1.006034,2.8808706,0.0,0.0,0.1426678,0.0,0.0,0.1753668,0.0,0.0,0.0,2.430984,C1
SRR2967132,0.61622363,0.0,0.0,0.0,0.15873094,2.8573818,1.270871,1.4740138,2.1395094,0.0,0.0,0.28957048,0.0,0.0,0.0,0.0,0.016250348,0.0,0.024277553,C2
SRR2967133,0.0,0.0,0.0,0.0,0.0106316,0.0,2.0330632,2.277102,2.7177355,0.0,0.0,0.0,0.0,0.0,0.3216742,0.0,0.0,0.0,0.0,C2
SRR2967134,0.0,0.0,0.0,0.0,2.3261845,0.54765767,0.11673898,0.25381047,3.2952008,0.0,0.013664663,0.0,0.0,0.0,0.098204516,0.6056191,1.9066339,0.6056191,1.6907122,C1
SRR2967135,0.0,0.0,1.0539101,0.0,0.0,2.5497196,0.0102160275,0.45427424,3.8536878,0.0,0.0,0.0,0.0,0.0,0.17822936,0.0,0.0,0.0,0.3331331,C2
SRR2967136,0.0,0.0,0.0,0.0,0.0,1.816777,0.0,0.0,2.5523071,0.0,0.0,0.004156265,0.0,0.0,0.0,0.0,0.59451854,0.0,2.8019545,C1
SRR2967137,0.6654978,0.0,0.0,0.0,0.010114893,2.3926604,1.0348452,1.5753982,2.8964505,0.0,0.0,1.6687243,0.0,0.0,0.0,0.0,0.0,0.0,0.09682015,C1
SRR2967138,0.7290812,0.0,0.0,0.0,2.0634751,2.1765895,1.2927021,1.52155,0.77298594,0.0,0.0,0.0,0.0,0.0,0.0,0.0,0.0,0.0,1.2092767,C2
SRR2967139,0.763819,0.17635553,0.0,0.0,0.0,0.0,1.3083515,0.95208716,2.4780612,0.0,0.0,0.0,0.0,0.0,0.0,0.0,0.0,0.0,0.0,C4
SRR2967140,0.21148275,0.0,0.0,0.0,0.15548162,2.012213,0.852611,1.2876444,1.9020045,0.0,0.0,0.0,0.0,0.0,0.35812497,0.0,0.0,0.0,1.1312058,C2
SRR2967141,0.028640604,0.0,0.028640604,0.0,0.08357254,0.5627092,0.81064206,0.60325456,1.1747122,0.0,0.0,0.0,0.0,0.0,0.53756875,0.0,0.028640604,0.0,2.7657232,C2
SRR2967142,0.79006726,0.34848136,0.0,0.0,0.0,3.1982152,2.065708,1.4222698,1.6578099,0.46371692,0.0,0.030980332,1.8470713,0.061029654,0.33168596,0.0,0.0,0.0,1.1005795,C5
SRR2967143,0.029384008,0.0,0.0,0.0,0.44889462,3.9944918,0.0,0.0,2.4210854,1.7665641,0.04850437,0.0,0.0,0.0,0.01968496,0.0,0.0,0.0,1.9220237,C3
SRR2967144,0.027747978,1.3676721,0.5849255,0.0,0.0,0.054746747,0.98886895,1.0497762,2.4233775,0.0,0.0,0.0,1.3495938,0.0,0.6819572,0.0,0.0,0.0,2.6145775,C1
SRR2967145,0.7936515,0.0,0.0,0.0,0.0,2.2389019,0.38283992,0.8965601,2.5864856,0.012873537,0.0,0.10447933,0.0,0.0,0.0,0.0,0.0,0.0,0.012873537,C2
SRR2967146,0.019894648,0.0,0.0,0.0,0.0,0.04581974,0.0,0.0,2.3960712,0.0,0.0,0.026439203,0.0,0.0,0.61914444,0.0,1.7478341,0.0,2.6989937,C6
SRR2967147,1.6016928,0.0,1.5692827,0.0,0.22472954,2.168716,2.0702283,0.30129328,0.9599347,0.0,0.0,0.31848723,0.0,0.0,0.0,0.0,0.0,0.0,1.583817,C1
SRR2967148,0.09738671,0.0,0.17007552,0.0,0.11463612,1.565403,0.025250154,0.0376401,2.59399,0.0,0.0,1.5383166,0.0,0.0,1.0052091,0.0,0.0,0.0,0.0376401,C2
SRR2967149,0.15538627,0.0,0.0,0.0,0.0,1.1585835,0.7686027,0.6442651,2.7274132,0.0,0.0,0.0,0.02763285,0.0,0.5379323,0.0,0.0,0.0,2.0505784,C2
SRR2967150,0.0,0.14232062,1.0367583,0.0,0.45818138,2.226432,0.32931307,1.4718227,2.2500823,0.13566568,0.0,0.0,0.015178842,0.0,0.05214756,0.0,0.0,0.0,0.8688484,C2
SRR2967151,0.11884579,0.011947038,0.0,0.0,0.0,4.2649183,0.0,0.57391614,2.4060159,1.5298806,0.0,0.1859132,0.0,0.0,0.0,0.011947038,0.0,0.0,0.11884579,C2
SRR2967152,0.0,0.0,0.8274485,0.0,0.0,2.5022707,2.566764,0.7516426,0.04219263,0.010716223,0.0,0.0,0.14515676,0.0,0.12634458,2.0818338,0.0,0.0,2.423831,C5
SRR2967153,1.6072332,0.0,0.8647548,0.0,1.3001529,2.2403505,0.13983217,0.9006948,2.02027,0.0,0.0,0.0,0.0,0.0,0.0,0.0,0.0,0.0,1.5992854,C1
SRR2967154,0.81620216,0.0,1.2458438,0.0,0.39150134,2.1604667,1.6411406,1.2458438,2.0150557,0.0,0.0,0.18867905,0.0,0.0,0.0,0.0,0.0,0.0,1.4508046,C2
SRR2967155,0.0,0.0040093586,0.0,0.0,0.0,0.066064775,1.5450016,0.7403895,4.168394,0.0,0.0,0.0,0.0,0.0,1.1134549,0.0,0.0,0.0,0.80888194,C2
SRR2967156,1.6178436,0.0,0.0,0.0,0.0,2.5460498,1.2703743,1.3257722,3.5282917,0.0,0.0,0.0,0.0,0.0,0.0,0.0,0.0,0.0,1.7190652,C1
SRR2967157,0.30680627,0.0,0.0,0.0,0.0,0.0071558882,0.942184,0.90511584,3.3894892,0.0,0.0,1.2917696,0.08925569,0.0,0.26911587,0.0,0.0,0.0,0.83596647,C1
SRR2967158,0.82459474,0.0,0.0,0.0,0.7818058,2.5735633,0.17486201,0.2871499,2.9332347,0.25202078,0.0,0.48196107,0.77204335,0.0,0.26838768,0.0,0.0,0.0,1.6084427,C1
SRR2967159,0.41593122,0.0,0.02472963,0.0,0.0,4.2994614,0.87635374,0.14862934,2.941656,0.0,0.0,0.40262863,0.0,0.0,0.0,0.0,0.0,0.0,1.5853258,C3
SRR2967160,0.014841391,0.0,0.0,0.0,0.0,3.1430275,1.3300111,0.73070747,2.9730027,0.0,0.0,0.39100525,0.5891346,0.21046278,0.72830445,0.0,0.0,0.0,1.5492873,C2
SRR2967161,0.09929721,0.0,0.0,0.0,0.0103853345,2.3190327,0.0,0.0103853345,2.5802348,0.0,0.0,0.0,0.054182325,0.0,0.4559361,0.0,0.0,0.0,0.07376702,C1
SRR2967162,0.005756114,0.0,0.0,0.0,0.0883436,2.8670464,0.0,0.75950795,2.0156822,0.0,0.0,0.3434922,0.011479285,0.0,0.26693362,0.0,0.0,0.0,2.5027776,C2
SRR2967163,0.10587384,0.0,0.0,0.0,0.0,0.17851669,0.027537737,0.14285474,0.09323659,0.0,0.0,0.0,0.0,0.027537737,0.0,0.0,0.0,0.0,0.054337423,C2
SRR2967164,1.4344864,0.0,0.5874378,0.0,0.026848989,0.5047103,1.0171933,0.93252516,1.7448075,0.0,0.6812034,0.0,0.0,0.033450093,0.421236,0.0067801303,0.0,0.0,2.3416688,C1
SRR2967165,0.034299858,0.0,0.0,0.0,0.0,2.277256,1.0033109,0.39191005,2.4016156,0.0,0.0,0.0,0.0,0.0,0.0995599,0.0,0.0,0.0,0.14585376,C1
SRR2967166,0.0,0.009937215,0.07686291,0.0,1.202045,3.1627276,0.039169762,0.8035089,2.783459,0.0,0.0,1.1869221,0.0,0.29976106,0.9372456,0.0,0.0,0.0,1.6562026,C2
SRR2967167,0.22379223,0.0,0.0,0.0,0.0,0.08542262,1.4853712,2.011019,4.695627,0.0,0.0,0.0,0.0,0.0,0.0,0.0,0.0,0.0,0.0,C2
SRR2967168,1.280383,0.0,0.0,0.0,0.0,0.026099354,0.8077329,0.48736423,3.054426,0.0,0.0,0.0,0.0,0.0,0.0,0.0,0.0,0.0,0.006588976,C1
SRR2967169,0.008319409,0.0,0.0,0.0,0.21693972,1.3638973,0.5341059,1.0401177,2.645825,0.0,0.0,0.0,0.0,0.0,0.29765385,0.0,0.0,0.0,0.024753422,C1
SRR2967170,0.6574478,0.0,0.0,0.0,0.0,2.0664551,0.9019631,0.909572,2.277548,0.0,0.0,0.5083663,0.0,0.0,0.007501033,0.0,0.0,0.0,1.9741263,C2
SRR2967171,1.5155555,0.0,0.12519091,0.0,0.0,1.5453813,0.83013946,0.93143183,2.797503,0.043495156,0.0,0.19706991,0.0,0.0,0.0,0.0,0.0,0.0,0.27431569,C1
SRR2967172,1.5394258,0.0,0.37153012,0.0,0.0,1.4781942,0.34000623,1.6810983,2.6097155,0.0,0.0,0.0,0.0,0.0,0.0,0.0,0.0,0.0,0.017157787,C1
SRR2967173,1.0486003,0.0,0.0,0.0,0.0,0.0,0.56586695,0.4941002,3.330633,0.0,0.0,1.2294962,0.0,0.0,0.0,0.0,0.0,0.0,0.075152546,C1
SRR2967174,0.005492799,0.0,0.0,0.0,0.5270908,1.8730186,0.680518,1.0891788,3.126291,0.0,0.0,0.0,0.0,1.1572374,1.3936055,0.0,0.30602354,0.0,0.62016475,C2
SRR2967175,0.0,0.0,0.0,0.0,0.0,1.7920883,0.56845224,0.617734,2.0043883,0.0,0.0,0.56845224,1.0758252,0.09898789,1.0859123,0.0,0.0,0.0,1.0859123,C1
SRR2967176,1.2199917,0.9962469,1.1677598,0.0,1.7452455,2.0839455,1.0247691,0.2805515,2.6499186,0.0,0.0,0.0,0.0,0.0,0.1365038,0.0,0.0,0.0,1.5991855,C2
SRR2967177,0.9765585,0.0,1.486206,0.0,0.16508266,0.29937062,0.048655394,1.9391884,4.0342846,0.0,0.0,0.0,0.0,0.0,0.0,0.0,0.0,0.0,1.1033621,C2
SRR2967178,0.75690496,0.008976866,0.0,0.0,0.0,3.716991,0.0,0.52994514,3.414322,0.0,0.0,0.13082458,0.0,0.0,0.0,0.0,0.0,0.0,2.0660663,C2
SRR2967179,1.4947608,0.11055632,0.8927181,0.0,0.004858978,0.9394824,1.4659436,0.6372944,2.462597,0.0,0.0,0.0,0.0,0.0,0.0,0.0,0.0,0.0,1.7583079,C2
SRR2967180,0.9578474,0.18833363,0.7091168,0.0,0.0692794,0.76813424,0.84633774,1.5275133,3.2936268,0.0,0.0,0.28276667,0.0,0.0,0.0,0.0,0.0,0.0,1.0718987,C1
SRR2967181,0.25488824,0.24115822,0.0,0.0,0.034584973,0.5431348,2.1860683,1.3156637,1.1629553,0.0,0.0,0.0,0.0,0.0,0.0,0.0,0.0,0.0,2.6591554,C2
SRR2967182,1.1957772,0.049489707,0.0,0.0,0.0,2.1152878,0.6773089,1.4097232,2.356313,0.0,0.0,0.0,0.0,0.0,0.0,0.0,0.0,0.0,1.3565199,C2
SRR2967183,0.9699985,0.0,0.0,0.0,0.0,3.0235007,0.059610244,0.0,2.4818993,0.0,0.0,0.0,0.0,0.0,0.025270807,0.0,0.0,0.0,1.8361145,C2
SRR2967184,0.0,0.0,0.0,0.0,0.93573093,3.3672237,0.1230207,0.010849912,2.4685528,0.0,0.0,0.0,0.0,0.0,0.08867584,0.0,0.0,0.0,1.9901052,C2
SRR2967185,0.5699673,0.6079506,0.0,0.0,0.0,0.95445967,0.8784293,0.24797133,3.282697,0.007577252,0.0,1.4355938,0.0,0.0,0.0,0.0,0.0,0.0,1.2812846,C2
SRR2967186,0.0,0.0,0.0,0.0,0.018462239,2.0894926,1.2961795,0.6656019,2.2955816,0.0,0.0,0.9546809,0.0,0.0,1.4428992,0.0,0.0,0.0,2.0090973,C1
SRR2967187,1.5302052,1.5435474,0.29615498,0.0,0.047126874,1.1841736,1.3755726,1.3490956,2.5300095,0.0,0.0,0.0,0.0,0.0,0.28584895,0.0,0.0,0.0,0.6614117,C1
SRR2967188,0.02115006,0.0,0.0,0.0,0.0,0.072147235,0.0,0.0,0.02115006,0.0,0.0,0.6518763,0.0,0.0,0.21979077,0.0,0.0,0.0,2.7554164,C2
SRR2967189,0.41267616,0.0,0.0,0.0,0.005095552,3.819297,1.4149352,1.15409,3.2620676,0.0,0.0,0.0,0.0,0.0,0.4717582,0.0,0.0,0.0,0.049823504,C2
SRR2967190,1.1723635,0.0,0.013925339,0.0,0.0,0.0,1.2190192,1.4920251,3.8447225,0.0,0.0,1.0049641,0.0,0.0,0.0,0.0,0.0,0.0,0.9590093,C2
SRR2967191,1.4778461,0.0,0.0,0.0,0.03747729,1.8628157,0.0,1.319601,3.7062447,0.0,0.0,0.09118445,0.0,0.0,0.0,0.0,0.0,0.0,1.1854658,C1
SRR2967192,0.016269311,0.0,0.0,0.0,0.0,3.5664768,2.1487107,0.0,3.2223454,0.0,0.0,1.8525219,0.0,0.0,0.051935427,0.0,0.0,0.0,1.5216594,C2
SRR2967193,0.35360956,0.0,0.010293161,0.0,0.010293161,3.0029988,1.0659935,0.70265794,0.5801577,0.0,0.0,0.0,0.0,0.0,0.0,0.0,0.0,0.0,0.010293161,C2
SRR2967194,0.0,0.0,0.015117571,0.0,1.032775,5.430736,0.007587353,0.018861523,0.2541894,1.793035,0.011359549,0.0,0.0,0.0,0.0,0.0,0.0,0.0,0.0,C3
SRR2967195,0.43761066,0.008815892,0.0,0.0,0.013194864,3.2932959,0.0,0.7218107,2.69674,0.0,0.0,0.0,0.0,0.25292224,0.2214912,0.0,0.0,0.0,1.0506544,C2
SRR2967196,0.008829159,0.0,0.0,0.0,0.03485833,2.346518,0.0,0.008829159,1.8763081,0.0,0.0,1.2260464,0.0,0.0,0.1929631,0.0,0.0,0.0,2.2419362,C2
SRR2967197,0.0,0.0,0.7168436,0.0,0.0,1.0682704,1.1475608,0.7888146,2.5469189,0.010857086,0.0,0.0054432773,0.10360512,0.0,0.31962413,0.0,0.0,0.0,0.9425354,C1
SRR2967198,0.20330657,0.0,0.062424168,0.0,1.1029129,2.7594407,0.90886974,0.09223328,2.6908555,0.0,0.0,0.0,1.1029129,0.0,0.95948184,0.0,0.48241523,0.0,1.6584771,C1
SRR2967199,1.3998908,0.018289467,0.0,0.0,0.03625043,1.6573288,0.4983609,0.50951207,2.7963376,0.0,0.0,0.0,0.018289467,0.0,0.0,0.0,0.0,0.0,3.4066238,C2
SRR2967200,0.0120865805,0.0,0.0120865805,0.0,0.04167895,3.0804935,0.42458543,0.99413604,3.5170782,0.0,0.0,0.11475551,0.0,0.18285362,0.78188676,0.0,0.0,0.0,2.160905,C2
SRR2967201,1.7781603,0.0,0.0,0.0,2.109743,0.0,0.0,1.9314687,4.3800673,0.0,0.0,0.0,0.0,0.0,0.0,0.0,0.0,0.0,0.0,C2
SRR2967202,0.12030687,0.0,0.0,0.0,0.0115550645,2.482831,0.0,0.2610558,2.910781,0.10298318,0.0115550645,0.0,0.0,0.0,0.08179066,0.0,0.0,0.0,1.3020843,C2
SRR2967203,0.43176454,0.0,0.0,0.0,0.8245092,3.023974,1.3167032,0.32804012,2.7761295,0.0,0.0,0.42595202,0.0,0.0,0.74513245,0.0,0.8342448,0.0,1.2985996,C2
SRR2967204,2.1625698,0.89999807,0.0,0.0,0.124884516,1.5745876,1.172155,0.71772295,3.2817404,0.0,0.0,0.0,0.0,0.0,0.0071644145,0.0,0.0,0.0,0.0071644145,C1
SRR2967205,0.2598871,0.0,0.0,0.0,0.0,0.0,0.0,1.3479952,3.8984666,0.0,0.0,0.0,0.0,0.0,0.0,0.0,0.8137211,0.0,1.9498849,C1
SRR2967206,0.9154922,0.28042284,0.04417569,0.0,2.3513665,3.291946,1.026609,0.96545213,3.0825512,0.0,0.0,0.7732456,0.0,0.0,0.30846047,0.0,0.0,0.0,0.44279101,C2
SRR2967207,1.4791847,0.0,0.0,0.0,0.0,3.1536076,0.010066671,1.5546355,1.8863093,0.0,0.0,0.0,0.0,0.0,0.114586934,0.0,0.0,0.0,0.7646942,C2
SRR2967208,0.0,0.0,0.0,0.0,0.0,0.13749838,1.4829019,0.32218236,0.015396634,0.0,0.0,0.015396634,0.0,0.0,0.0305598,0.0,0.015396634,0.0,0.5064683,C4
SRR2967209,1.1828998,0.0,0.0,0.0,0.0,1.1870446,0.0134647805,1.6760954,1.4054044,0.0,0.0,0.0,0.0,0.0,0.0,0.0,0.05921306,0.0,0.99622357,C1
SRR2967210,0.0,0.0,0.0,0.0,0.0,0.033287924,0.0,0.3821366,2.4483368,0.0,0.0,1.2395307,0.0,0.0,0.081230074,0.0,0.0,0.0,2.1911905,C4
SRR2967211,0.073990576,0.012718222,0.0,0.0,0.0,0.40491712,0.0,1.1715848,3.0219822,0.0,0.0,0.0,0.2580374,0.0,0.28727114,0.0,0.5329604,0.0,0.862696,C1
SRR2967212,0.0,0.7691034,1.6968496,0.0,0.027194258,2.3705916,1.1705514,0.16092214,0.03609712,0.0,0.0,2.6860383,0.31972888,0.0,1.3759664,0.0,0.0,0.0,2.68729,C5
SRR2967213,1.702734,0.0,0.6298233,0.0,1.931767,3.042661,0.39103872,2.06452,2.1356525,0.0,0.0,0.39103872,1.8757509,0.45809227,0.8901715,0.0,0.14799342,0.25945547,2.530846,C1
SRR2967214,0.5489237,0.0,1.9167134,0.0,0.46116403,1.4775432,1.3222353,1.1067296,2.522829,0.0,0.0,0.008049159,0.0,0.092560664,0.32488966,0.0,0.0,0.012049573,2.8876593,C4
SRR2967215,0.0,0.34686738,0.012121214,0.0,1.1597067,3.8209116,0.17313118,0.91139346,0.0,0.0,0.0,1.2136731,0.0,0.0060789725,0.27540904,0.012121214,0.0,0.0,0.31623065,C3
SRR2967216,0.65164775,1.158726,0.0,0.0,0.0,2.617644,0.27519926,1.4387562,1.9395628,0.0,0.0,0.031187866,0.0,0.0,0.0,0.0,0.29897234,0.0,0.69999254,C1
SRR2967217,0.7432515,0.026070638,0.0,0.0,0.0,1.487755,0.0,1.2287134,2.4700391,0.0,0.0,0.0,0.0,0.0,0.0,0.013120277,1.0833616,0.0,0.1640649,C1
SRR2967218,0.0,2.0353143,2.5347168,0.0,0.0,0.33807996,0.0,0.06761844,0.94547355,0.0,0.0,3.034007,0.0,0.0,0.0,2.8225105,3.7201111,2.811006,0.9919386,C7
SRR2967219,0.4767054,0.92571914,0.097911015,0.0,0.61444664,2.2798936,0.06230829,0.49646544,0.76882374,0.0,0.0,0.5234895,0.012776118,0.12664133,0.7777247,0.0,1.3755767,0.0,2.551241,C5
SRR2967220,0.0,0.0,0.0,0.0,0.0074647544,1.4578663,1.1756699,1.49719,2.3290763,0.45072144,0.0,0.0,0.0,0.0,0.09294821,0.0,0.0,0.0,0.014874199,C4
SRR2967221,1.811322,1.4517547,1.046592,0.0,1.4855758,1.6073698,0.7409523,1.811322,0.0,0.0,0.0,2.8452642,0.9407287,0.4325836,0.41741908,0.0,0.0,0.0,2.0214067,C4
SRR2967222,0.03866738,2.7292256,0.09400181,0.0,1.4405384,2.2149458,0.08950578,0.019520575,0.043397345,0.0,0.0,2.113696,0.0049159834,0.0,1.2309902,0.0,0.0,0.0,1.8564829,C5
SRR2967223,1.3579661,0.26252973,0.0,0.0,0.0,1.5749149,0.0,1.3350754,1.4022329,0.0,0.0,0.010299028,0.0,0.0,0.0,0.0,0.0,0.0,0.7626374,C1
SRR2967224,2.1284063,0.0,0.0,0.0,0.7338303,2.8622828,0.23092969,1.5720747,2.7064264,0.0,0.0,0.0,0.0,0.0,0.00796117,0.0,0.0,0.0,1.823164,C2
SRR2967225,0.0,0.010922087,0.9026341,0.0,0.0,0.010922087,0.6275762,0.042990334,1.4611834,0.010922087,0.0,2.4997647,0.0,0.8755515,1.2090014,0.0,0.010922087,0.0,2.5347607,C4
SRR2967226,0.0109926555,2.507963,0.9899702,0.0,1.8501618,2.4303155,0.8466929,0.0,1.3613586,0.0,0.0,0.0109926555,0.47494847,0.47494847,0.45411012,0.0,0.0,0.0,2.4934564,C1
SRR2967227,0.0,0.0,0.0,0.0,0.0,3.924258,0.0,0.6083054,1.0284996,0.012149475,0.0,0.012149475,0.0,0.0,0.46935052,0.0,0.0,0.0,1.6014944,C3
SRR2967228,0.5547914,0.0,0.0,0.0,0.0,2.6376796,0.0,0.74928284,1.452004,0.0,0.0,0.6979072,0.0,0.0,0.25204992,0.0,0.0,0.0,1.713649,C4
SRR2967229,0.0,0.24256133,0.0,0.0,0.1406139,0.10418321,0.95777047,0.84939563,2.7243853,0.0,0.0,0.65212023,0.0,0.0,0.0,0.0,0.0,0.0,1.8499963,C4
SRR2967230,0.011396907,0.0,0.011396907,0.0,0.011396907,2.52039,0.0,1.1005661,2.513916,0.0,0.0,0.19702944,0.20639771,0.0,0.011396907,0.0,0.0,0.0,1.5233651,C2
SRR2967231,0.019821929,0.0,0.0,0.0,0.0033310603,1.1976349,0.0066510616,1.600846,2.439179,0.0,0.0,0.0,0.0,0.0,0.0,0.0,0.0,0.0,1.6371968,C4
SRR2967232,1.6808145,0.0,0.0,0.0,0.0,2.3884642,0.0,1.3713915,2.8001957,0.0,0.0,0.0,0.0,0.0096748015,0.13612604,0.0,0.0,0.0,1.0749233,C2
SRR2967233,0.0,0.30217248,1.7555387,0.0,0.2137998,1.7863665,0.032827687,1.2949263,2.5362875,0.42161688,0.0,0.069071114,0.32997584,1.2844241,0.44327253,0.0,0.0,0.0,1.7065736,C4
SRR2967234,1.1834636,0.0,0.008932914,0.0,0.0,2.0998428,0.89938927,0.51994956,1.4412012,0.0,0.0,0.0,0.0,0.0,0.017786738,0.0,0.18762201,0.0,0.9595959,C1
SRR2967235,0.030752277,0.024677012,0.0,0.0,0.2525595,2.734986,0.012414623,2.0479417,0.036790855,0.0,0.0,0.012414623,0.14509557,0.012414623,0.0,0.0,0.0,0.0,0.0,C3
SRR2967236,1.0524396,0.0,0.0,0.0,0.35126033,1.7383379,0.13127887,1.1156919,2.7670236,0.0,0.0,0.89354354,0.0,0.0,0.0,0.0,0.0,0.0,1.3577787,C2
SRR2967237,0.012917915,0.0,0.012917915,0.0,0.0,0.23628491,0.08710569,0.34787467,1.0368218,0.0,0.0,0.0,0.0,0.0,0.3750471,0.0,0.0,0.0,1.8945031,C1
SRR2967238,1.3276789,0.009152933,0.009152933,0.0,0.0,2.248461,0.6029738,1.8779306,2.122975,0.0,0.0,0.0,0.0,0.0,0.27901202,0.009152933,0.009152933,0.0,2.1796591,C4
SRR2967239,0.011267807,1.3347082,1.5535176,0.0,1.5594914,3.5720503,0.8799484,0.011267807,3.2326126,0.0,0.0,0.03342954,0.7306815,1.3655478,0.9258808,0.011267807,0.0,0.0,2.887384,C5
SRR2967240,0.2555159,0.0,0.015206297,0.0,0.07381954,1.5875839,0.015206297,0.17523926,2.0883188,0.0,0.0,0.022723604,0.044942297,0.015206297,0.052240163,0.0,0.0,0.0,2.3157196,C4
SRR2967241,0.40432465,0.0,0.0,0.0,0.078877114,2.0313444,0.03456898,0.43134463,2.8430505,0.0,0.0,0.0,0.0,1.3493477,1.1607971,0.0,0.0,0.0,0.9000383,C5
SRR2967242,1.3720988,0.6057967,0.0,0.0,0.3849026,0.0,1.3028462,1.2502688,2.6322713,0.0,0.0,0.0,0.0,0.0,0.2946674,0.0,0.0,0.0,1.1885282,C1
SRR2967243,0.008225574,0.0,0.0,0.0,0.0,1.7280114,0.012313127,0.50727516,1.5981565,0.0,0.0,0.116798066,0.0,0.0,0.0,0.17739125,0.1634608,0.0,1.9430312,C4
SRR2967244,0.0,0.30787045,0.42670667,0.0,0.29090258,0.055648632,0.7629171,0.055648632,2.6890106,0.0,0.0,0.011380228,0.0,0.0,0.0,0.0,0.022632401,0.0,1.4630508,C1
SRR2967245,0.0,0.0,0.0,0.0,0.0,0.025090793,1.2296792,0.0,0.018876867,1.5387542,0.0,4.365783,2.3196747,0.36786276,1.7100096,0.0,0.0,0.0,2.526522,C4
SRR2967246,0.0,0.73981607,0.0,0.0,0.0,2.6748173,0.0,0.43479404,1.9274768,0.0,0.03082153,0.0,0.0,0.012442838,0.0,0.0,0.0,0.0,1.0679425,C4
SRR2967247,0.0,0.0,0.0,0.0,0.0,4.5428033,0.0040973285,1.1347344,1.2942336,0.0,0.0,0.12706359,0.0,0.0,0.27157998,0.0,0.0,0.0,0.048093554,C3
SRR2967248,0.0,0.01982878,0.0,0.0,0.30045033,3.0824933,0.0,1.4514627,3.114789,0.0,0.0,0.18254383,0.0,0.009963537,0.3296779,0.0,0.34397748,0.0,1.6535751,C4
SRR2967249,0.0,0.1979991,0.8347542,0.0,0.11668085,1.3907489,0.67372257,2.0024252,2.5726116,0.0,0.0,2.8227074,0.12511678,0.33635962,0.31574622,0.0,0.0,0.018861117,2.344193,C4
SRR2967250,0.8044108,0.49235123,1.533045,0.0,0.6060427,1.879304,1.0214217,1.7729437,2.7739348,0.0,0.0,0.0,0.12339923,1.6154941,0.9929403,0.0,0.9929403,0.0,2.1292038,C4
SRR2967251,0.24583173,0.0,0.3949239,0.0,0.009095701,2.2335694,0.2350552,1.1274747,2.5862882,0.0,0.0,0.6370404,0.0,0.009095701,0.08743556,0.0,0.0,0.0,0.7047623,C4
SRR2967252,1.3657007,0.0,1.7312088,0.0,0.3571054,1.8277256,0.6041851,1.2473502,2.2003121,0.0,0.0,0.01621774,0.0,0.0,0.0,0.097296625,0.0,0.0,2.0250874,C4
SRR2967253,0.5347632,0.04154746,0.018678961,0.0,0.0,1.316191,0.0,0.5726926,2.3782015,0.0,0.0,0.39575377,0.009383093,0.0,0.3667803,0.0,0.009383093,0.0,1.5645092,C1
SRR2967254,0.058267683,0.010849783,0.0,0.0,0.0,0.21069874,0.7582422,0.0,2.0737247,0.0,0.0,0.25815472,0.010849783,0.0,0.16087802,0.047922976,0.0,0.0,2.6733758,C1
SRR2967255,0.02076341,2.2309027,0.0,0.0,0.28944615,0.010435594,0.0,0.35038176,1.8062809,0.0,0.0,3.439285,0.0,1.2652227,1.3704865,0.010435594,0.0,0.010435594,2.5229912,C5
SRR2967256,0.0,0.0,1.8547721,0.0,0.0,0.05184329,0.0,0.0,2.2544103,0.0,0.0,0.010585907,0.0,0.12489254,0.05184329,0.0,0.0,0.0,1.7849422,C4
SRR2967257,1.7089384,1.0387284,0.0,0.0,0.0,1.5898169,0.0,0.64551,2.612069,0.0,0.0,0.0,0.0,0.0,0.011634755,0.0,0.011634755,0.0,1.5333533,C4
SRR2967258,0.49796,0.0,0.0,0.0,0.0,0.90978134,0.005500752,1.931015,2.7120457,0.0,0.0,0.0,0.0,0.0,0.55020934,0.0,0.0,0.0,0.03255959,C2
SRR2967259,1.6623956,0.0,0.0,0.0,0.3674939,0.03634085,0.0,0.8169571,0.10528549,0.0,0.0,0.0,0.0,0.0,0.0,0.051520105,0.0,0.0,0.17423333,C4
SRR2967260,0.058036666,0.0,0.0,0.0,0.0,2.2629285,0.0,0.4129222,3.0307195,0.0,0.0,0.0,0.0,0.0,0.26651606,0.0131912455,0.0,0.0,1.9705421,C1
SRR2967261,0.22332545,0.0,0.23890121,0.0,0.0,3.0009983,1.0574982,1.2264342,2.1020586,0.0,0.0,0.1914267,1.7072732,0.0,0.5082423,0.0,0.0,0.0,2.2950344,C4
SRR2967262,0.0,0.46512347,0.0,0.0,1.3132116,2.073124,0.0,0.015070754,1.6776576,0.0,0.0,0.0,0.010072364,0.0,0.11012489,0.0,0.0,0.0,2.7705393,C6
SRR2967263,0.50720376,0.0,0.0,0.0,1.0440344,2.6153994,0.5795811,0.016483303,1.9658604,0.85102963,0.07212488,0.0,0.0,0.0,0.01238788,0.0,0.0,0.0,0.6361348,C2
SRR2967264,1.3929821,0.0,0.0,0.0,0.0,4.0465727,0.0,0.0,0.040088847,0.0,0.0,0.0,0.0,0.0,0.0,0.05310244,0.0067940764,0.0,1.5019442,C3
SRR2967265,0.0,0.0,0.0,0.0,0.0,3.626158,2.7495031,0.5961704,0.037213076,0.0,0.0,0.01877963,0.0,0.0,0.0,0.07309088,0.0,0.0,2.6869633,C2
SRR2967266,0.015217544,2.2588067,0.0,0.0,0.015217544,0.0,0.81759614,0.0,2.3822317,0.5990369,0.0,0.066726096,0.0,0.0,0.015217544,0.0,0.0,0.0,2.4977758,C6
SRR2967267,0.009885597,2.8813972,0.0,0.0,0.0,2.2090049,2.0052161,0.048478786,1.5921372,0.0,0.0,2.282594,0.0,0.0,0.26847878,0.0,0.0,0.0,3.7775526,C5
SRR2967268,0.12392596,0.40195578,1.0729557,0.0,0.60735494,1.6009948,1.5898453,0.25142217,1.8980814,0.0,0.0,0.65985864,0.0,0.1897046,0.32555705,0.0,0.0,0.0,1.5987748,C1
SRR2967269,1.8352932,0.0,0.79186964,0.0,0.053172406,0.74112606,0.5040049,2.819264,2.6116357,0.0,0.0,0.0,0.0,0.0,0.0,0.0,0.0,0.0,1.8255635,C2
SRR2967270,0.0,0.0,0.0,0.0,0.0,0.018893564,0.0,1.0423217,2.2599833,0.0,0.0,0.0,0.0,0.0,0.0,0.0,0.0,0.0,1.7023753,C1
SRR2967271,0.0,0.0,0.0,0.0,0.0,0.2838957,1.7595625,2.2015922,2.6473448,0.0,0.0,0.0,0.0,0.0,0.0,0.0,0.015154102,0.0,2.1896973,C6
SRR2967272,0.0,0.0,0.0,0.0,0.98726577,3.1038096,0.0,0.032328084,0.048108473,0.0,0.0,2.5529313,1.6607215,0.048108473,0.51984596,0.0,0.0,0.0,2.7913387,C5
SRR2967273,1.1763786,0.027310204,0.0,0.0,0.020552257,1.7785532,1.4212809,1.3322129,2.227676,0.0,0.0,0.14772809,0.0,0.01374833,0.0,0.0,0.0,0.0,2.0448282,C1
SRR2967274,1.3894674,0.0,0.0,0.0,0.062613994,4.551236,0.9236522,0.016024867,0.016024867,0.0,0.0,1.1076782,0.0,0.5226809,0.0,0.0,0.0,0.0,0.016024867,C3
SRR2967275,0.06333845,0.7628033,0.0,0.0,1.2401445,1.8668697,0.21929826,0.9404459,2.996709,0.0,0.0,1.4360318,1.4908818,1.8706536,1.4272444,0.0,0.0,0.0,2.8127816,C4
SRR2967276,0.0,0.1591089,0.6778876,0.0,0.15632965,2.1530714,0.3641564,1.1194208,2.4281754,0.0,0.0,0.0,2.1062691,1.7789116,0.30117026,0.0,0.85874665,0.0,3.205328,C4
SRR2967277,0.0,0.0,0.0,0.0,0.1374762,0.012733746,0.7306712,0.031535406,2.0179543,0.0,0.0,2.7279656,1.799922,0.4951585,0.55943704,0.0,0.0,0.0,2.3998442,C4
SRR2967278,0.7096041,1.7777519,1.070873,0.0,0.8356563,1.5549623,0.03500714,0.31778777,2.1830795,0.0,0.0,0.0,0.0,0.0,0.0,0.0,0.0,0.0,0.4735354,C2
SRR2967279,1.3175274,3.2060611,3.3127096,0.0701051,1.7528789,0.5182016,0.0,1.5335664,0.0072358483,0.0072358483,0.0,0.0,0.0,0.0,0.0,0.039164457,0.014419715,0.025099669,0.025099669,C8
SRR2967280,0.012780013,0.012780013,2.6753883,0.0,0.19245622,0.0,0.012780013,0.0,3.8556278,0.0,0.0,0.05016836,0.0,0.019109286,1.806144,2.1593804,0.092091545,0.025398755,2.7376404,C7
SRR2967281,2.283964,3.2559123,2.5415704,0.0,1.1098243,0.04000171,0.0,1.5605747,0.013512477,0.0,0.0,0.25129387,0.0,0.0,0.0,0.06580733,0.14535333,0.08473371,1.3516203,C8
SRR2967282,0.0,3.364609,1.5991563,0.0,0.012948332,0.032061793,1.6135364,0.0,0.10505929,0.67186767,0.8056228,0.012948332,0.0,0.0064951233,1.1052706,0.15651031,0.10505929,0.08730337,3.1113591,C5
SRR2967283,1.6874126,2.6740348,2.758991,0.47324163,0.54985005,1.836381,0.0,1.9527628,0.00748976,0.0,0.0,0.011213709,0.0,0.0,0.0,0.0,0.0037518921,0.0,0.0037518921,C8
SRR2967284,0.10404259,0.4591318,2.063881,0.0,0.71758866,0.02780496,0.0,0.0,2.5626698,0.0,0.0,0.0,0.0,1.9934438,0.0,3.701336,3.8400729,3.7004073,3.2930126,C7
SRR2967285,1.3132576,1.512409,2.82718,0.0,2.0256538,2.0204937,0.0,1.4624554,0.87560177,1.2432367,0.0,0.0,0.0,0.0,0.017192768,0.017192768,0.012922208,0.012922208,0.04244008,C9
SRR2967286,1.8658589,2.3069825,2.5713081,0.0,1.7991691,1.247906,0.0,0.9856403,0.0,0.0,0.0,0.39428085,0.0,0.0,0.25463468,0.075607374,0.047200054,0.081193276,1.1926357,C8
SRR2967287,0.0,0.0,0.0,0.0,0.16666427,0.03132144,0.0,0.0,1.268331,0.0,0.0,0.01891034,0.0,0.0,0.012646542,5.2030163,4.4260488,4.8588767,5.606933,C7
SRR2967288,0.0,1.7652936,1.2163169,0.0,0.5632647,0.0,0.011658859,0.0,2.6204193,0.0,0.0,0.011658859,0.40439874,0.0,0.011658859,4.7460446,4.109939,4.256203,4.117607,C7
SRR2967289,0.0,0.27684486,0.068916455,0.016648108,0.0,0.008358698,0.0,0.0,3.0160494,0.0,0.0,0.0,0.0,0.0,0.61397773,5.054544,4.8736744,4.5791054,3.8246841,C7
SRR2967290,0.0,1.6238524,2.2286234,0.0,0.0855668,0.010455075,0.0,0.0052412013,1.913269,0.0,0.0,0.12806682,0.0,0.0,0.0,3.6623127,4.1710696,3.5005624,4.2268333,C7
SRR2967291,0.0,1.4353733,1.5855639,0.0,1.8357589,0.7037141,0.0,1.0731767,2.6178815,0.0,0.0,0.0,0.0,0.0,0.40817907,2.3783362,1.4615184,0.025848813,3.492503,C7
SRR2967292,1.3143184,0.0045117554,0.10710284,1.5434831,0.6629793,3.8017952,0.0,0.0,2.986709,0.0,0.0,0.0,0.0,0.0,0.0,0.0134746535,0.0,0.017926157,0.009003246,C3
SRR2967293,0.7701157,1.8565245,2.1436057,0.0,1.4064443,0.007941005,0.0,1.4362726,2.7820415,0.0,0.0,0.0,0.0,0.0,0.015819447,3.259251,4.776631,2.417778,2.8231413,C7
SRR2967294,1.316133,2.6848564,2.9854724,0.0074590086,1.4982649,0.21778855,0.0,0.0,2.4226558,0.0,0.0,1.9837942,0.0,0.0037364587,0.23569235,2.349317,2.6794782,2.1238606,2.9862287,C7
SRR2967295,0.0,0.016154893,1.5965157,0.0,0.97672796,1.8255358,0.0,0.0,0.021482376,0.0,0.0,0.0,0.0,0.2654418,0.20096055,1.5092249,1.2123822,1.3438511,0.3102182,C1
SRR2967296,0.0,2.5183349,1.7850357,0.0,0.15379351,0.007885497,0.0,0.0,3.6420174,1.289864,0.0,0.0,0.0,0.0,0.08349829,3.6673102,3.4068139,2.6021342,3.388007,C7
SRR2967297,0.0,2.5646272,0.2943594,0.0,0.23421492,0.048298873,1.2501047,0.0,0.30353373,0.0,0.0,2.6939254,0.5946336,0.6817395,1.4041708,0.07160078,0.052220426,0.040409327,2.6016915,C6
SRR2967298,0.0,0.0,0.01593374,0.007998605,0.9956635,0.0735213,0.0,0.01593374,2.9085505,0.0,0.0,0.0,0.26015812,0.0,0.14894885,4.7074685,3.954844,3.9711752,4.0740194,C7
SRR2967299,0.0,0.78547746,0.026762621,0.0,0.0,0.04248301,0.0,1.2514489,0.0,0.0,0.0,0.016143367,0.0,0.052827634,0.0,0.021467088,0.07320128,0.010791147,2.66075,C6
SRR2967300,0.0,0.32879353,0.0636548,0.0,0.3251478,0.039649285,0.0,0.0,2.7395232,0.0,0.0,0.78533953,0.0,0.020021139,0.07309794,4.773206,3.736873,3.645084,2.8854377,C7
SRR2967301,1.7762945,2.693321,3.7748983,2.2700918,3.0155709,0.98375046,0.0,2.3502939,0.07416736,0.0,0.0,0.0,0.0,0.0,0.03777112,0.20779526,0.40574223,0.1092853,1.1968307,C9
SRR2967302,0.8994471,2.775019,3.4635983,0.029158285,2.9220443,3.9518218,0.0,0.008418053,2.5405843,0.0,0.0,0.0,0.0,0.0,0.55127364,0.004217885,0.049477085,0.02091374,1.4744778,C3
SRR2967303,0.0,0.010987322,0.0,0.010987322,0.010987322,0.016436042,0.0,0.010987322,0.09980469,0.0,0.0,0.0,0.0,0.0,0.42906666,3.23646,4.825761,3.3692303,4.238418,C7
SRR2967304,0.25133198,2.230356,1.3257277,0.0,0.0,0.0,0.049194038,0.0083689075,2.24693,0.0,0.0,1.1650417,0.0,0.0083689075,1.3789734,0.103686206,0.041161258,0.40268624,3.1274993,C6
SRR2967305,1.1322184,1.938977,2.1652973,0.0,1.0034177,4.110181,0.0,1.6757312,2.2115772,0.0,0.0,0.0,0.0,0.0,0.0,0.10360367,0.041827973,0.018806525,1.1136907,C8
SRR2967306,0.0,1.1936924,2.8462238,0.007082253,0.3846417,0.23346886,0.0,0.71355397,2.2698681,0.0,0.0,0.0,0.0,0.007082253,0.0,1.0187536,0.055301428,0.0035473963,0.8843782,C7
SRR2967307,1.1901109,2.841606,4.002481,3.1474469,3.0704825,3.5692265,0.0,0.7136856,1.6224949,0.05988893,0.0,0.0038499925,0.0,0.0,0.17959124,0.026643774,0.0076852194,0.015311827,1.4882281,C9
SRR2967308,0.99533767,1.9654347,3.2996693,0.044625115,0.75050855,0.5282406,0.0,1.642867,0.0056882654,0.0,0.0,0.0,0.0,0.0,0.0,0.20087709,0.21937037,0.1579727,0.17247966,C8
SRR2967309,0.048883945,2.327833,2.2758224,0.0,2.1432722,3.9631004,0.0,1.433602,0.1235517,0.0,0.0,0.0,0.0,0.0,0.0,0.10116506,0.036885157,0.036885157,1.4017417,C9
SRR2967310,0.0,0.0,1.8989484,0.023728369,0.36340714,0.005985085,3.7402558,0.0,0.102605835,0.0,0.0,3.4837584,0.0,0.011934562,0.41228026,0.04690673,0.04690673,0.0,3.1849341,C6
SRR2967311,0.013390272,0.071522,1.8592763,0.013390272,0.0067175482,2.3309727,0.0,0.013390272,2.4395144,0.0,0.0,0.0067175482,0.0,0.013390272,0.0067175482,1.6168815,3.0578215,2.220969,3.6851296,C7
SRR2967312,0.0,0.44667903,0.46764883,0.0,0.19499731,0.4949416,0.0,0.0,2.8584886,0.0,0.0,0.826946,0.01098091,0.0,0.5941798,4.4839125,4.6354856,4.8366756,3.4178145,C7
SRR2967313,1.4923937,3.7146997,3.6420577,2.1053443,3.2182937,3.5751586,0.005701344,0.40375274,0.011370367,0.0,0.0,0.0,0.0,0.0,0.011370367,0.017007433,0.005701344,0.005701344,0.58167505,C8
SRR2967314,0.0,0.0893898,2.927425,0.0,1.4584882,0.44535285,0.0,0.0,0.06465469,0.0,0.0,0.0,0.0,0.013269684,0.083263144,2.3498755,2.8493683,1.9321426,0.66702205,C7
SRR2967315,0.020305347,2.1128552,1.2622446,0.0,0.030305471,0.010204211,0.13417272,0.020305347,0.020305347,0.0,0.0,2.8797784,2.2876053,1.6787759,0.73581576,0.040206578,0.05971947,0.020305347,3.01579,C6
SRR2967316,0.024876874,0.0,1.3745751,0.0,0.024876874,0.0,0.0,0.0,2.9177694,0.0,0.0,0.0,1.2811428,0.14620249,0.22967106,4.7430015,5.173698,3.8312378,4.5382967,C7
SRR2967317,1.0031532,0.5228789,0.0332995,0.0,1.3440591,3.805238,0.0,1.2178413,1.9909067,0.0,0.0,0.009627827,0.49378443,0.009627827,0.1270207,4.079871,2.8443267,2.8093934,2.5519185,C7
SRR2967318,0.0,0.011311868,0.022497209,0.022497209,1.1641407,0.058903124,0.0037848584,0.0,3.968862,0.0,0.0,0.0,0.0,0.0075554457,0.0,1.9110367,0.23841366,0.018782647,1.5224559,C6
SRR2967319,0.76545537,2.4639857,4.3658996,3.7538023,1.4819287,2.3791344,0.0,0.0,0.013759993,0.0,0.0,0.97409034,0.0,0.013759993,0.0,0.020569636,0.11751267,0.013759993,0.013759993,C10
SRR2967320,0.0,0.28885397,1.5404184,0.0,0.0,0.0,0.0,0.0,1.945806,0.056135334,0.0,0.2845191,0.0,0.011481993,0.0,0.06157937,0.07237932,0.022833645,3.4342422,C7
SRR2967321,0.0,0.8729583,1.7288083,0.0,0.0,0.0,0.0,0.0,4.042979,0.0,0.0,0.126786,0.0,0.008412891,0.6766821,4.819906,4.688086,3.964773,3.9143977,C7
SRR2967322,0.0,2.0005507,0.0,0.0,2.0460787,0.011047573,0.0,0.0,0.0,0.0,0.0,0.0,0.0,0.0,0.10533991,0.027393404,0.016525924,0.0055390424,0.0055390424,C6
SRR2967323,0.43470547,2.097697,2.1709268,0.061140537,0.8457593,0.02266779,0.0,1.3020121,0.0,0.0,0.0,0.011398122,0.0,0.7901148,0.0,0.02266779,0.95957917,0.005715301,0.46396124,C9
SRR2967324,0.0,0.7918856,0.007965247,0.0,0.09163493,0.0,0.0,0.0,2.474519,0.0,0.0,1.0407449,0.91606975,0.007965247,0.14145097,4.9668884,3.8179672,4.1384454,3.5058005,C7
SRR2967325,0.0,0.21474686,0.13642153,0.0,0.48065966,0.016110081,0.0,0.0,2.4854925,0.031964738,0.0,0.40776712,0.0,0.0,0.0,4.9062424,3.7776375,3.9897547,4.768764,C7
SRR2967326,0.0,2.4513116,3.263243,0.0,1.6747708,0.0,0.0,0.0,3.0795202,0.0,0.0,0.0,0.0,0.0,0.026650252,2.7145927,3.4928916,4.5203476,1.6387079,C7
SRR2967327,0.0,2.6208491,2.3688722,0.0,1.4685876,0.29873466,0.0,0.0,3.2128778,0.0,0.0,0.0,0.0,0.0,0.114794955,4.0854473,2.8492634,3.5964775,3.441932,C7
SRR2967328,0.0,0.009834865,0.029219091,0.0,1.5980678,1.3432798,0.0,0.0,1.4202065,0.0,0.0,1.448465,0.0,0.0,0.0,1.4668698,2.5012617,0.17208967,0.48406267,C1
SRR2967329,0.0,1.5412728,3.7677908,0.0,1.8467774,0.008837571,0.0,0.0,2.89376,0.0,0.0,0.0,0.0,0.0,0.33924806,3.427489,4.851402,4.142705,2.628539,C7
SRR2967330,0.0,0.01157673,0.067531526,0.0,1.3039833,0.056588247,0.0,0.0,1.4046291,0.0,0.0,0.0,0.0,0.0,0.01157673,4.9626718,3.0447316,3.9371636,4.008691,C7
SRR2967331,0.0,0.0049776384,0.009930623,0.0,0.2958833,0.0,0.0,0.0,0.029500825,0.0,0.0,0.0049776384,0.0,1.1428653,1.4155569,0.10416274,0.076813586,0.029500825,1.8770136,C6
SRR2967332,1.1484531,3.3477557,3.858741,0.0035238029,0.32042417,0.39922744,0.0,0.24321398,0.014021316,0.0,0.0,0.0,0.0,0.0,0.0,0.0035238029,0.007035232,0.03127594,1.1997305,C8
SRR2967333,0.97801113,2.808913,3.2384398,0.0,0.04166256,0.0,0.0,0.3432157,2.7498305,0.0,0.0,0.021048235,0.0,0.0,0.0,0.08165855,0.31645024,0.2102483,2.067857,C9
SRR2967334,1.8529313,2.3384724,3.0557532,0.0,2.4973376,2.0689106,0.0,1.7646022,3.047033,0.0,0.0,0.0,0.0,0.0069338474,0.0,4.03891,4.160089,4.5927186,3.3976195,C7
SRR2967335,0.008171913,1.6860454,1.5415688,0.0,0.0,0.008171913,0.0,0.29611632,3.9523597,0.0,0.0,0.0,0.0,0.0,0.055848774,3.7991903,5.130683,4.1971955,3.7865264,C7
SRR2967336,0.0,0.16856714,0.17102642,0.0,0.04557598,0.005811894,0.0,0.0,3.3642318,0.0,0.0,0.0,0.0,0.12837313,0.67086357,3.887236,3.5626342,3.5577452,3.5290093,C7
SRR2967337,1.4135376,3.0759745,3.1120791,0.010854806,1.5716155,2.7889009,0.0,0.73259836,0.0,0.0,0.0,0.0,0.0,0.0,0.0,0.0,1.9586817,0.010854806,0.1230732,C9
SRR2967338,1.535427,2.8723495,3.0608015,0.0,1.9695367,1.669504,0.0,0.97540534,0.0037997807,0.0,0.0,0.0,0.0,0.0,0.0,0.037363306,0.030001493,0.033689175,0.04467132,C8
SRR2967339,0.45388907,0.33035275,3.3443642,0.0,1.6973072,0.05786301,0.0,1.982254,0.00847397,0.0,0.0,0.0,0.0,0.0,0.016876735,0.021051787,0.016876735,0.06983832,0.58775204,C8
SRR2967340,0.32116127,1.6667204,1.1525712,0.007546015,0.97217155,1.054631,0.029848306,0.6183833,2.0337756,0.0,0.0,0.015035514,0.39526102,0.0,0.19857393,3.93063,3.0050068,3.3241746,3.1025312,C7
SRR2967341,0.0046579246,0.9379375,2.9681413,0.0,1.466379,0.0,0.0046579246,0.0,2.7016065,0.0,0.0,0.0,0.0,0.009294253,0.0,4.513066,4.8354836,4.4441433,3.2610178,C7
SRR2967342,0.98001206,2.4683044,3.232453,0.043714687,0.03296386,1.272382,0.0,1.4418324,0.0,0.0,0.0,0.0,0.0,0.0,0.0,0.0,0.043714687,0.011109127,0.06487569,C8
SRR2967343,0.0,0.58977085,1.7049072,0.008512338,0.041855082,0.021146506,0.0,0.0,2.3744855,0.0,0.0,0.0,0.0,0.0,0.0,0.0127414875,0.021146506,0.008512338,0.8289226,C6
SRR2967344,0.0,0.09034294,0.56326437,0.0,0.99061406,0.022262154,0.0,0.0,2.9657965,0.0,0.0,0.30762357,0.0,0.0,0.044039477,4.2548237,3.1702511,4.0426626,4.3115983,C7
SRR2967345,0.013155712,1.9883525,2.791279,0.0,0.013155712,0.032570355,0.0,0.0,0.3297767,0.0,0.0,0.0,0.0,0.0,1.5350857,3.0054445,0.04530716,4.0709405,3.4267368,C7
SRR2967346,0.11967856,2.7023113,3.3495286,1.611795,2.2827969,3.963837,1.800069,0.0,0.017503485,0.0,0.0,0.41581205,0.0,0.0,0.24330539,0.024419984,0.0035252923,0.031288978,1.2252334,C11
SRR2967347,1.7561717,1.9589674,2.6971114,0.0,0.5188767,2.705456,0.0,1.6963155,0.0,0.0,0.0,0.014520714,0.0,0.0,0.0,0.11718423,0.0,0.0429445,0.090821244,C9
SRR2967348,0.0,1.896183,1.818451,0.0,1.1372739,0.0050188713,0.0,0.9018521,1.5901396,0.0,0.0,0.0,0.0,0.0,0.019926097,4.2970624,4.4879656,4.238625,3.6158092,C7
SRR2967349,0.0,1.3833967,2.4733055,0.0,1.2476304,0.009879365,0.0,1.6823895,1.3759009,0.0,0.0,0.0,0.0,0.0,0.0,3.2707896,3.3772724,3.1010737,3.060265,C7
SRR2967350,0.074837774,3.4376645,3.6897783,2.271336,2.99933,2.9209332,0.0,2.447643,0.0,0.0,0.0,0.0,0.0,0.0,0.0,0.007373634,0.0,0.007373634,1.4219936,C11
SRR2967351,0.0,0.93626225,1.5897794,0.0,0.16897292,1.655962,0.0,0.0,1.0089431,0.0,0.0,0.008148405,1.3105304,1.4541537,0.16897292,2.5723553,3.4185014,3.572816,3.4506795,C7
SRR2967352,0.0056341607,0.7127593,0.8400421,0.0,0.12716246,0.038788345,0.0,0.0056341607,2.2855453,0.0,0.0,0.0,1.0641661,0.7016169,0.32919893,5.2977567,3.4724817,4.0962863,4.898027,C7
SRR2967353,1.0402609,1.2735103,4.268777,2.9094362,3.7747035,3.7073169,0.055610757,1.0198464,1.1784458,0.0,0.0,0.0,0.0,0.1082912,0.0,0.0,0.0,0.018882629,0.018882629,C11
SRR2967354,0.0,0.060687248,0.010373762,0.0,0.0,4.510996,0.0,0.04086458,0.05082503,0.0,0.0,0.010373762,0.08970341,0.04086458,0.080124594,0.020641014,0.0,0.0,0.080124594,C3
SRR2967355,0.0,0.49124402,0.061504055,0.0,0.33772415,4.3776245,0.061504055,0.100500934,0.46502763,0.0,0.0,0.0,0.0,0.04142009,0.63556427,0.31483728,0.0,0.0,0.020924484,C3
SRR2967356,0.026288386,2.6818085,2.8561862,0.06446893,0.2040947,1.2307992,0.3826379,1.411769,2.5494592,0.0,0.0,0.013230576,1.5452664,1.2229891,1.2151177,0.0,0.0,0.0,2.741946,C5
SRR2967357,0.0,0.09036141,0.034849323,0.0,0.034849323,0.023367297,0.94477046,0.023367297,1.572412,0.99408716,0.0,0.0,0.0,0.0,0.0,0.0,0.0,0.0,0.023367297,C6
SRR2967358,0.0,3.17376,2.205688,0.0,0.95583427,0.23785709,1.4206259,0.0,3.3179939,0.0,0.0,0.0,2.6191528,0.2777589,0.6732014,0.0,0.010275027,0.0,1.8270683,C4
SRR2967359,1.7796681,3.924295,3.9909208,2.3759575,3.5505931,3.390399,0.0,0.9697865,0.007841203,0.0,0.0,0.0,0.0,0.0,0.0,0.06845108,0.015621401,0.031002522,0.0,C11
SRR2967360,1.3270829,2.5705006,2.6961522,0.0,2.1864493,1.4061233,0.0,1.5864375,0.33129126,0.0,0.0,0.0,0.0,0.0,0.0,0.0204611,0.0,0.0,1.5878466,C8
SRR2967361,0.0,1.9576075,0.022115272,0.007426232,0.3329341,0.71468484,0.08566978,0.0,1.4745688,0.0,0.0,0.0,0.014797722,0.03659166,0.47699028,4.165618,4.0960393,2.6632228,3.31819,C7
SRR2967362,0.0,0.0,2.5779743,0.0,0.008358373,1.2555099,2.4209669,0.03302232,0.18352222,0.0,0.0,0.0,0.0,0.0,0.86916196,0.008358373,0.0,0.0,2.5874884,C9
SRR2967363,0.0,4.28451,1.513159,0.016260838,0.016260838,0.21986337,0.0,0.008163471,0.06351462,0.2773881,0.0,0.0,0.62093806,2.1284442,1.8160686,0.11596204,2.54007,0.008163471,3.2290072,C5
SRR2967364,1.0954045,2.8733444,3.0084786,0.0,0.70038104,0.083383776,0.0,0.8878873,0.009615717,0.0,0.0,0.8093336,0.0,1.5840178,0.065445624,0.0,0.0,0.0,2.3944004,C8
SRR2967365,0.054178238,0.054178238,0.0061668064,0.0061668064,0.01838749,4.4281845,0.0,0.24558093,2.4142988,0.0,0.0,0.0,0.042389747,0.036442976,0.44258583,0.0,0.036442976,2.1556327,1.6319032,C3
SRR2967366,1.7185996,2.858973,3.1762156,0.06986099,0.70412284,0.38548967,0.0,2.0068655,0.16627495,0.0,0.0,0.0,0.0,0.044231635,0.0,0.0,0.0,0.0,1.610814,C8
SRR2967367,1.3755846,1.9832867,2.396309,0.0324498,1.6293908,1.5249779,0.0,1.0653878,2.5079603,0.0,0.0,0.0,0.123922504,0.021749774,0.0,0.021749774,0.021749774,0.13358828,0.23416759,C8
SRR2967368,0.01741035,2.0825763,0.01741035,0.0,0.10809911,0.04297039,0.0087430645,0.0,0.051347256,0.0,0.0,0.14675063,0.12373945,0.07606487,0.07606487,4.431987,3.8905468,3.570581,3.3247497,C7
SRR2967369,1.1824067,1.413273,1.5969465,0.0,0.054352935,0.3433197,0.054352935,1.6766386,3.6136806,0.0,0.0,0.0,0.07183333,0.170747,0.063131325,0.0,0.0,0.0,1.0514879,C6
SRR2967370,0.0,0.4639879,0.3698822,0.009477585,1.6356562,0.037383024,0.0,0.8793573,3.6629534,0.0,0.0,0.018866187,1.3814291,0.06453084,0.33643714,0.018866187,2.2345023,0.0,2.1800394,C6
SRR2967371,0.009240067,4.0357604,2.2613416,0.0,0.2813378,0.05420152,1.3671395,0.0,0.03645878,1.2832898,0.0,0.0,1.8796432,0.009240067,0.20113456,0.0,0.0,0.0,3.51125,C5
SRR2967372,0.015906459,0.28620243,1.3587689,0.24523096,0.46912152,0.11593652,0.9568045,0.0,0.35970616,0.01063237,0.0,0.01063237,0.02115288,0.0,0.0053303153,0.0869639,0.0053303153,0.0,1.6890982,C1
SRR2967373,0.0,2.9622629,2.0249624,0.0,1.0981894,0.032769363,0.0,0.85263187,1.2988217,0.0,0.0,0.0,0.006640342,0.8090956,0.84978765,2.5149605,1.2015271,0.13677806,4.344909,C5
SRR2967374,0.0,0.022111097,0.064918526,0.022111097,1.7493632,3.1575902,0.831485,1.8544406,2.8050067,0.0,0.0,0.022111097,0.0,0.0,0.0,0.0,0.0,0.0,0.0,C3
SRR2967375,0.0,2.4014342,1.523541,0.0,2.2992582,1.5422106,0.0,0.8721898,0.9945214,0.0,0.0,1.8703785,2.8879511,2.9108021,1.000898,0.017145872,2.7177532,0.0,2.0820937,C5
SRR2967376,2.0042408,3.4284532,3.8589869,3.5520368,4.301094,3.9510558,0.0,0.11147587,0.013017873,0.0,0.0,0.013017873,0.15729316,0.08173604,0.013017873,0.013017873,0.0,0.025868457,0.051084578,C11
SRR2967377,1.1981456,3.8083754,3.1237366,2.211218,2.8570535,4.833341,0.0,0.03298568,2.0216334,0.0,0.0,0.0,0.0,0.7661159,0.0111165615,0.44399902,0.0,0.0,0.03298568,C11
SRR2967378,0.19039917,1.8843551,1.0576253,0.40555248,0.047264986,1.0852538,0.0,0.039541,1.988984,0.0,0.0,0.0,0.09972424,0.19039917,0.29177257,5.145784,1.5701667,4.295677,4.2774844,C7
SRR2967379,0.0,2.7529416,3.166576,0.0,1.6916106,1.5663601,0.0,0.5423447,3.7066932,0.0,0.0,0.008960175,3.7378125,2.6477792,2.9073296,0.061097987,0.9493684,0.0,2.7279637,C5
SRR2967380,0.0,3.383233,3.2991416,0.0,0.92343605,0.0047323075,0.0,1.2768198,0.0,0.0,0.0,0.0,3.0621486,2.7031705,0.97125566,0.0,0.0,0.0,3.1123557,C5
SRR2967381,0.0,2.5902128,3.0247881,0.008653508,0.6207994,2.0491939,0.0,0.9211764,0.08333934,0.0,0.0,0.017232774,1.4095265,2.5373423,2.329554,0.017232774,1.1352422,0.025739063,2.8835728,C5
SRR2967382,1.2203703,3.4511511,3.4096282,0.0,2.9041574,3.3468823,0.0,0.72773015,0.008807184,0.0,0.0,0.0,0.0,0.0,0.71482927,0.026192212,0.0,0.017537478,0.017537478,C9
SRR2967383,0.0,3.1747863,2.1080317,0.0,0.01511057,0.6329024,1.403127,0.31145293,0.0,0.0,0.0,3.2061136,2.484296,2.0048637,0.9867108,0.0943684,0.01511057,1.33338,2.4220977,C5
SRR2967384,0.0,3.9514017,3.8162243,0.0,0.029718524,1.2666384,0.0,1.3183985,0.12728475,0.0,0.0,1.8042119,3.8211915,2.9730358,1.3021249,0.022371281,0.0,0.0075128395,3.0703564,C5
SRR2967385,1.9391427,1.1837702,3.4205287,1.0883596,0.45250168,0.75942606,0.0,3.2434204,0.112352416,0.0,0.0,0.0,0.0,0.3374086,0.0074042156,0.029293504,0.0,0.0074042156,0.18286787,C9
SRR2967386,2.2159176,2.152195,3.8225734,0.0,0.57208145,0.025406227,0.0,3.064237,0.0,0.0,0.0,0.0,0.025406227,0.025406227,0.0,0.025406227,0.0,0.025406227,0.3076641,C9
SRR2967387,0.0,3.6996274,2.3996282,0.0,0.0,0.68692535,0.10840925,0.0,0.014211507,0.0,0.0,0.0,3.9649932,1.4331285,1.4781936,0.0420426,0.0,0.014211507,2.5727355,C5
SRR2967388,0.15523984,0.36410308,2.0249088,0.025508497,0.6304444,3.7212994,0.012835582,0.7410114,2.1284926,0.0,0.0,0.0,0.05038246,0.025508497,0.0,0.025508497,0.012835582,0.0,0.038022816,C3
SRR2967389,2.3898864,3.0972543,3.694903,3.0661054,3.3563712,4.1195188,0.0,0.0,0.17909373,0.0,0.0,0.0,0.08665726,0.46272632,0.5875748,0.08665726,0.0,0.014974465,0.0585977,C11
SRR2967390,0.0,3.1128707,2.6017025,0.0,0.7762964,2.149742,0.8376716,1.4400252,1.8697529,0.0,0.0,0.98400205,2.8645413,2.9699676,0.67858976,0.100028194,0.016055355,0.0,2.3720229,C4
SRR2967391,0.0,0.0101263095,1.8711847,0.0,1.4997998,3.9047866,0.0,0.0,2.6145544,0.0,0.0,0.0,0.049636256,2.5060644,0.05927456,0.07827687,0.0,0.0,0.26645792,C3
SRR2967392,0.0,1.6216626,1.2970356,0.0,0.082642086,1.0372759,0.27762935,0.0,0.86126006,0.0,0.0,0.0,1.2018098,1.4696376,1.4864801,0.048056833,0.02431707,0.0,0.9070113,C2
SRR2967393,0.7395781,0.36326757,0.050831232,0.0,3.2802527,4.197903,0.0,0.07046166,0.0,0.0,0.0,0.0,0.0,0.49235985,0.0,0.0,0.0,0.0,0.0,C3
SRR2967394,0.0,3.7170932,2.312564,0.0,0.0,2.8472676,0.02489606,0.0,3.2508209,0.0,0.0,0.0125255035,3.2525287,2.3612745,1.585579,0.043169606,0.0125255035,0.0125255035,2.3523202,C5
SRR2967395,1.5176128,3.9697902,3.4766328,2.646577,1.9909818,4.4037867,0.06367645,0.14272353,2.251644,0.0,0.0,0.010898316,0.10398084,0.80078423,1.1673607,0.12353979,0.0,0.0,0.3934927,C11
SRR2967396,1.6802574,2.3878791,2.6810503,0.0,2.2299101,0.14607568,0.0,0.7468009,2.0289266,0.0,0.0,0.036339592,0.018334858,0.036339592,0.0,0.0,0.0,0.0,0.018334858,C8
SRR2967397,0.0,0.045352664,0.022933418,0.0,0.2576196,2.2672696,0.015347234,0.007703059,0.759273,0.0,0.0,0.0,0.022933418,1.1324733,0.0,0.0,0.015347234,0.0,0.0,C3
SRR2967398,0.0,0.0,1.2687459,0.054084405,0.23426156,4.1552906,0.0,0.26670507,0.0,0.0,0.0,0.0,0.027407799,0.6793218,0.0,0.0,0.0,0.0,0.0,C3
SRR2967399,0.008129353,2.6848388,2.965603,0.0,0.016193151,2.2509916,0.0,1.8284113,2.6831665,0.0,0.0,2.6398427,3.5903184,3.127206,1.1870301,0.0,0.0,0.008129353,2.4234507,C5
SRR2967400,2.472326,1.841347,3.651107,0.0,1.0498433,3.141747,0.00884689,1.8608862,0.0,0.0,0.0,0.87713826,0.07693814,0.8394739,0.0176162,0.0,0.0,0.0,0.96213466,C8
SRR2967401,0.0,0.023345433,0.0058876514,0.011740841,2.0422716,3.288806,2.239126,0.0,1.3547375,0.0,0.0,0.0,0.0,0.0,0.011740841,0.017559972,0.011740841,0.011740841,0.011740841,C1
SRR2967402,1.4274708,1.3635371,1.7863008,1.593128,0.0,3.4630706,0.00779214,0.0533114,0.038367357,0.0,0.0,0.00779214,0.015524032,0.0,0.0,0.00779214,0.015524032,0.015524032,0.0,C3
SRR2967403,0.0,2.1035461,1.6443223,0.0,0.021250743,3.5095136,0.0,2.6478152,3.255637,0.0,0.0,1.7259405,3.5062962,2.7083004,1.5997874,0.0,0.0,0.0,0.379655,C5
SRR2967404,0.06068728,1.2101737,0.13854,0.0,1.7595471,0.523682,0.90117455,1.6797134,2.5483491,1.8397074,0.0,2.539749,0.9775793,0.068020634,1.0235825,0.0,1.0512955,0.0,1.7514374,C4
SRR2967405,2.824256,1.384966,1.6335857,0.0,0.62858444,1.072026,0.0,1.0781825,2.586669,0.0,0.0,0.0,1.4755719,1.2419912,0.0,0.0,0.06967642,0.0,1.2235872,C9
SRR2967406,0.0344469,3.1437988,2.0691752,0.0,0.8526296,1.2554365,1.759315,2.1326253,1.1612573,0.0,0.0,0.3311202,2.226903,2.6526585,1.8459578,0.0,1.7772546,0.0,2.5606353,C5
SRR2967407,0.0,0.03916656,2.9741924,0.0,0.11317782,2.2584157,0.0,0.0,0.01977502,0.0,0.0,0.0,0.0,0.01977502,0.0,0.058189206,0.0,0.0,0.0,C10
SRR2967408,0.0,2.1198297,0.38189483,0.010059193,0.27262577,0.27262577,0.068377726,0.020018205,0.029879011,0.0,0.0,0.010059193,1.3995084,0.24135181,0.039643534,0.020018205,0.0,0.020018205,2.2024913,C6
SRR2967409,1.5698171,2.2673204,3.0846272,2.0015626,3.364523,3.551273,0.0,0.0,0.011996784,0.0,0.0,0.0,0.011996784,0.0811036,0.027771847,0.0,0.0,0.0,0.0,C11
SRR2967410,0.0,0.41498342,0.04503149,0.0,0.0076474836,0.27364564,1.4747894,0.0,3.8440728,0.0,0.0,0.0,0.5521438,1.0117137,0.0951269,0.015236926,0.022769203,0.0,1.4800456,C6
SRR2967411,0.0,2.5939553,2.190614,0.0,0.58328235,3.8852725,0.26418245,0.90657693,0.049165618,0.0,0.0,1.077246,2.5771382,2.1537066,1.6914785,0.035363212,0.0,0.007173395,2.7923832,C5
SRR2967412,0.67221427,1.3875444,0.022047468,0.0,2.3632867,3.09324,0.0,0.0,0.0044485526,0.0,0.0,0.056342527,0.2613768,0.030732125,0.0,0.0044485526,0.0,0.0,0.008877403,C6
SRR2967413,2.287041,2.8482747,3.4335418,0.0,3.0684247,2.3856478,0.0,0.0,0.35180283,0.0,0.0,0.0,0.01672449,0.0,0.11910524,0.8249426,0.0,0.0,0.303187,C9
SRR2967414,0.0,3.7657733,2.268504,0.0,0.85916847,3.6199532,0.0,0.7691971,2.0431094,0.0,0.0,0.0,0.28909612,1.1645017,0.7010252,0.010106935,0.0,0.0,1.204887,C1
SRR2967415,1.4805329,1.0817268,3.2033858,0.0,0.14572495,0.0755146,0.0,2.478203,0.99445343,0.0,0.0,0.0,0.26001346,0.8328421,0.022163697,0.016668655,0.016668655,0.0,0.99859005,C8
SRR2967416,0.0,0.023993552,0.7070553,0.0,0.5235672,4.4745784,0.0,1.8599417,0.121786684,0.0,0.0,0.0,0.016059494,0.0,0.0,0.5235672,0.17753488,0.13601778,0.40130234,C3
SRR2967417,2.3256495,3.6095996,4.4111,2.28303,2.811044,4.0242968,0.0,0.29384774,0.0,0.0,0.0,0.0,0.0,0.021124035,0.03152104,0.021124035,0.0,0.0,0.0,C3
SRR2967418,1.6371896,3.931294,3.9805968,2.6230514,1.4936272,3.2502503,0.0,1.280876,2.1853995,0.0,0.0,0.0,0.0,0.015680619,0.0,0.007871045,0.0,0.015680619,0.023429677,C3
SRR2967419,0.0,0.3064977,0.033587504,0.0,0.3251778,2.9754784,0.3965929,0.0,2.6491678,0.0,0.0,2.288024,0.066083446,1.0691301,0.0,0.0,0.0,0.0,0.73862416,C6
SRR2967420,0.0,1.1129463,1.3067654,0.1310859,0.42888564,3.318268,0.0,0.6321172,2.4569967,0.0,0.0,0.0,0.0,0.20086303,1.1102353,0.06383197,0.008205404,0.0,0.008205404,C3
SRR2967421,0.0,0.0,0.008441498,0.0,0.34740096,4.7575464,0.0,0.0,0.0,0.0,0.0,0.0,0.67620647,0.0,0.0,0.0,0.0,0.0,0.0,C3
SRR2967422,1.6612647,0.15754944,0.32493228,0.0,3.2835562,4.1075597,0.938865,0.0,1.6345835,0.0,0.0,0.0,0.071999125,1.8540739,0.14839734,0.021105532,0.0,0.0,0.7907889,C3
SRR2967423,0.0,0.0,0.035972405,0.012135151,0.06499149,0.1936397,0.0,0.0,3.3194926,0.0,0.0,0.0,0.0,0.0,0.06499149,5.0226073,3.5944073,3.7893186,4.5944643,C7
SRR2967424,0.0,0.0,1.2471788,0.0,0.028876396,0.047674242,0.0,0.0,1.8363384,0.18654722,0.0,0.21056792,0.019343281,0.019343281,2.1435215,0.038319487,0.019343281,0.019343281,0.0,C6
SRR2967425,1.2249646,2.830244,2.7529948,0.0,0.63059074,0.16049002,0.03262134,2.4512353,1.0612831,0.0,0.0,1.2608424,2.6869273,2.513555,1.3781998,0.0,1.4090582,0.0,2.5088449,C5
SRR2967426,0.0,2.001039,2.2845542,0.020424629,0.17034324,0.19611244,0.0,0.0,0.9631053,0.0,0.0,0.0,0.0,0.0,0.0,0.0,0.0,0.0,0.060063444,C9
SRR2967427,0.0,0.07226415,1.9344448,0.0,0.021185214,0.52819264,0.0,1.5323842,2.7624102,0.0,0.0,0.0,0.010648708,0.021185214,0.0,0.0,0.0,0.0,0.0,C6
SRR2967428,0.0,0.0107396385,0.0,0.0,0.32057005,3.9035478,0.0,0.0,2.2544487,0.0,0.0,0.0,0.0,0.0,0.0,0.0,0.0,0.0,0.0107396385,C3
SRR2967429,0.00941889,0.107562676,1.3909885,0.0,0.2931784,5.086314,0.0,0.11602508,0.018749893,0.0,0.0,0.0,0.018749893,0.018749893,0.0,0.0,0.0,0.0,0.037154686,C3
SRR2967430,0.48611206,1.2375104,3.5289345,0.0,1.3383783,2.4022706,0.0,2.5266538,0.0,0.01612851,0.0,0.16454113,0.0,0.0,0.0,0.0,0.0,0.008096771,1.7316827,C9
SRR2967431,0.011827089,0.8671372,1.0473299,0.0,0.3439138,0.8820219,0.011827089,0.0,2.667389,0.011827089,0.0,0.011827089,2.1103837,0.39729145,0.42877707,4.307701,2.7641585,3.7367744,3.6834953,C7
SRR2967432,0.19796489,3.2494433,1.8793331,0.0,1.9065726,2.6261945,0.0,0.7023309,2.8591979,0.0,0.0,0.5275835,2.23409,1.5131003,1.3445439,0.0,0.0,0.0,0.5219516,C5
SRR2967433,1.8440722,2.482675,3.448848,0.2286201,1.7681283,2.1316211,0.0,2.8215158,0.0,0.0,0.0,0.0,0.0,0.0,0.0,0.0,0.040276226,0.0,0.059821915,C8
SRR2967434,2.275156,3.218823,2.4756956,0.0072482,1.6383135,1.4071752,0.0,2.6174932,0.0,0.0,0.0,0.0,0.014444241,0.0,0.014444241,0.0903606,0.27216595,0.13583304,1.4726633,C8
SRR2967435,0.6866982,2.9359012,3.276476,3.3922236,1.3699676,4.648617,0.0,0.0,0.0,0.0,0.0,1.8227825,0.0,1.0841129,0.0,0.0,0.0,0.017320694,0.0,C11
SRR2967436,0.186865,2.1931949,1.5679876,0.0,1.1405896,0.43867093,0.0,0.024356697,2.5347166,0.0,0.0,0.024356697,0.0,0.0,0.0,2.720326,4.5895257,2.9712584,3.8090847,C7
SRR2967437,0.8269889,2.3107388,2.6799493,0.0,1.1572984,1.0005924,0.0,2.3162713,0.0,0.0,0.0,0.0,0.0,0.0,0.0,0.0,0.0,0.0,1.9800837,C8
SRR2967438,0.0069626137,2.5412939,2.509991,0.06098426,0.46617585,1.0230485,0.0,0.06098426,0.0,0.0,0.0,0.0,0.0,0.0,0.0,3.543047,4.689649,3.9047139,3.3695834,C7
SRR2967439,0.5184726,2.1797135,2.9494596,0.0391902,0.32186502,0.59847903,0.0,1.2521961,0.4943866,0.0,0.0,0.0,0.0,0.0,0.0,0.7970711,0.13965845,0.019787071,1.8222697,C9
SRR2967440,2.1780982,2.0406122,3.1280715,0.0,1.5000268,1.1935732,0.0,0.8916154,0.0,0.0,0.0,0.0,0.0,0.0,0.0,0.0,0.02409825,0.0,0.27541903,C8
SRR2967441,0.06761112,3.7596133,4.093617,2.9036045,1.5491155,4.189475,0.0,0.010703916,0.0,0.0,0.0,0.0,0.0,0.40573537,0.6551758,0.047290307,0.16800618,0.010703916,0.07761874,C11
SRR2967442,1.0980873,2.4123557,3.1150446,0.17907226,2.2705522,0.13109542,0.0,1.408795,0.009295104,0.0,0.0,0.036673,0.018504605,0.0,0.0,0.018504605,0.009295104,0.0,0.6400048,C8
SRR2967443,1.5411973,3.1085377,4.3010635,3.1847022,2.8963344,4.2190876,0.0,0.84697497,0.0,0.0,0.0,0.96144533,0.0,0.0,0.0,0.0,0.0,0.0,0.0,C11
SRR2967444,1.9474881,3.3150868,2.842819,0.0,2.5213375,2.7030914,0.0,2.2126307,0.0,0.0,0.0,0.0,0.0,0.0,0.0,0.0,0.0,0.0,0.011471482,C8
SRR2967445,0.0,1.5779923,1.5836349,0.027047774,0.8128495,0.09786448,0.0,0.0,0.44159898,0.0,0.0,0.24765904,0.0,0.0,0.0,2.5838838,4.1262913,1.9678241,3.390639,C7
SRR2967446,0.2385381,1.1465174,1.195642,0.87647796,1.325809,0.11230087,0.0,0.0,1.4540101,0.0,0.0,0.0,0.0,0.0,0.5005997,3.3177617,3.9086428,3.355234,3.5856397,C7
SRR2967447,1.3449973,3.272944,3.4833283,0.060029242,1.8786836,0.28708565,0.0,1.4280874,0.0,0.0,0.0,0.0,0.0,0.0,0.0,0.0,0.0,0.0,0.0,C8
SRR2967448,0.0,3.0556507,2.4970112,0.020263705,0.3788365,1.5933255,1.5744253,1.4087973,0.01018318,0.0,0.0,2.764541,3.086967,1.0004534,1.5849695,0.0,0.0,1.4765047,2.7824361,C5
SRR2967449,2.4240065,2.9265435,3.26381,0.042895507,2.7138057,1.976152,0.0,3.0446877,0.0,0.0,0.0,0.0,0.0,0.0,0.0,0.0,0.0,0.051258143,0.7015262,C9
SRR2967450,2.0745108,2.8165264,3.2566721,0.009489965,1.8535733,2.454142,0.0,1.1352763,0.0,0.0,0.0,0.0,0.0,0.0,0.0,0.0,0.0,0.0,0.0,C8
SRR2967451,1.7058824,3.9235814,4.6901197,4.0564013,3.2908318,4.3368382,0.0,0.14085567,0.0,0.0,0.0,0.0,0.0,0.0,0.0062826592,0.0,0.0,0.0,0.012526093,C11
SRR2967452,1.9746224,2.5736365,3.705771,0.0,2.1889658,2.7019715,0.0,2.0856993,0.0,0.0,0.0,0.0,0.0,0.0,1.1747181,0.0,0.0,0.014611353,1.4033561,C9
SRR2967453,1.3628894,2.33321,4.4738326,3.121724,4.2768483,4.5183544,0.0,0.0,0.0,0.0,0.0,0.6930897,0.0,0.027970681,0.0,0.007066358,0.0,0.0,0.007066358,C11
SRR2967454,1.7982466,3.0440843,3.5859022,0.01096602,1.3351845,0.03254376,0.0,1.5248808,0.0,0.0,0.0,0.0,0.0,0.0,0.0,0.021813089,0.01096602,0.0,0.2347818,C9
SRR2967455,1.556666,3.5613647,5.05776,3.5135062,3.642698,2.699881,0.0,0.009000394,0.83765775,0.0,0.0,0.0,0.0,0.0,0.0,0.0,0.035525504,0.0,0.017920502,C11
SRR2967456,0.0,1.811372,2.0223672,0.0,0.92458177,0.33557898,0.0,0.0,1.7226834,0.0,0.0,0.009230522,0.0,0.0,0.0,3.680582,5.4680786,3.2986622,4.291188,C7
SRR2967457,2.8698766,3.0316443,3.5175571,0.0,0.87271684,2.8516653,0.0,1.7592545,0.0,0.0,0.0,0.0,0.0,0.0,0.0,0.0,0.017056236,0.017056236,0.23636705,C8
SRR2967458,1.6181014,4.107458,3.735818,2.318106,2.4762511,3.1462522,0.0,1.7329482,0.0,0.0,0.0,0.0,0.0,0.0,0.0,0.0,0.5056711,0.0,1.1949348,C8
SRR2967459,0.42694148,1.7663648,2.2102013,0.016009435,0.7212763,2.1348624,0.0,2.0919678,0.0,0.0,0.0,0.0,0.0,0.0,0.0,0.0,0.0,0.0,1.5737633,C8
SRR2967460,0.035047367,0.87670606,2.1987326,0.0,0.023500856,0.05774796,0.0,0.046462078,0.98448455,0.0,0.0,0.0,0.0,0.0,0.26936227,2.6301913,3.7434857,0.91075486,2.7788055,C7
SRR2967461,1.7673901,2.210126,3.1013012,0.008060017,2.2285948,1.1301044,0.0,2.462905,0.0,0.0,0.0,0.0,0.0,0.0,0.0,0.0,0.0,0.0,0.4843558,C8
SRR2967462,2.0986233,1.8116889,3.0552561,1.2510635,2.299379,2.1565607,0.0,2.2530732,0.0,0.52985716,0.0,0.0,0.0,0.0,0.0,0.0,0.0,0.0,1.5412301,C8
SRR2967463,0.03659212,3.5315711,3.389314,0.1771442,2.3686264,2.3244014,0.0,2.1701484,0.0,0.0,0.0,0.0,0.0,0.0,0.0,0.0,0.0,0.0,0.0,C9
SRR2967464,2.6859455,2.4440231,3.0205994,0.9122251,0.66297966,2.261819,0.0,1.5826025,0.0,0.0,0.0,0.0,0.0,0.0,0.0,0.0,0.0,0.0,0.09332536,C8
SRR2967465,0.8557061,1.7742164,2.6544774,0.26101696,1.6037846,0.11010037,0.0,0.94439864,0.014443948,0.0,0.0,0.0,0.0,0.0,0.014443948,3.246639,5.484178,4.3206177,4.1912556,C7
SRR2967466,2.1281993,2.7229164,2.8325484,0.0,2.5179796,1.6128312,0.0,2.0496864,0.68865466,0.0,0.0,0.0,0.0,0.0,0.0,0.0,0.0,0.0,0.3891303,C8
SRR2967467,1.1317736,1.9917802,3.3822422,0.0,2.0408173,0.08039147,0.0,0.7160774,0.0,0.0,0.0,0.0,0.0,0.0,0.0,0.008336279,0.024803208,0.032936092,0.008336279,C8
SRR2967468,0.0,2.4970026,1.7745528,1.7014751,0.018715354,0.5682125,0.0,0.009401459,0.46098757,0.0,0.0,0.0047117784,0.0,0.0,0.08159117,2.6707504,4.307466,3.3210382,3.2463362,C7
SRR2967469,0.41147444,2.544697,2.87486,0.024827076,1.6873995,1.8139127,0.0,2.1624234,0.0,0.0,0.0,1.5518935,0.0,0.0,0.0,0.012490584,0.0,0.0,1.4257753,C8
SRR2967470,2.3266952,2.7692707,3.5224302,0.08909617,2.2540774,3.0390718,0.0,1.8628469,0.0,0.0,0.0,0.0,0.0,0.0,0.0,0.009275429,1.2439884,0.009275429,1.4797763,C9
SRR2967471,1.253201,3.2698498,4.307256,2.599018,3.646299,3.1229734,0.0,0.87941647,0.0,0.0,0.0,0.0,0.0,0.0,0.0,2.7962928,3.9334216,2.005742,3.1736584,C7
SRR2967472,1.3551067,3.0058684,4.442346,2.7189295,2.9748998,4.3696556,0.0,0.012246651,0.0,0.0,0.0,0.0,0.0,0.19018483,0.0,0.012246651,0.012246651,0.0,0.0,C11
SRR2967473,1.1332738,2.88377,3.7894144,0.025982123,0.212611,1.3776773,0.0,0.78939575,0.0,0.0,0.0,0.0,0.0,0.0,0.0,0.0,0.017396206,0.0,0.0,C9
SRR2967474,1.0441706,3.8567905,4.553247,3.055982,2.663333,4.3624125,0.0,0.0,1.3526094,0.0,0.0,0.0,0.0,0.0,0.0,0.0,0.0,0.0,0.03697624,C11
SRR2967475,0.9129375,2.0244508,4.2065287,0.24059308,3.0003655,3.5920322,0.0,0.19110224,0.80128473,0.0,0.0,0.017396402,0.0,0.0,0.0,0.0,0.017396402,0.017396402,0.0,C11
SRR2967476,2.6081123,2.1027968,1.8311371,0.04825973,1.6044722,1.9476646,0.0,2.2915125,0.0,0.0,0.0,0.0,0.0,0.0,0.0,0.29353344,0.0,0.0,1.3384997,C8
SRR2967477,2.0216937,3.4046817,5.1102934,2.2523518,3.8595264,4.4949174,0.0,0.0,0.02512294,0.0,0.0,0.02512294,0.049630158,0.0,0.0,0.07355111,0.02512294,0.0,0.0,C11
SRR2967478,1.7427282,2.5504155,3.4171915,0.7990649,2.3292983,2.7442079,0.0,2.275001,0.0,0.0,0.0,0.0,0.0,0.0,0.0,0.0,0.42236888,0.0,0.60274553,C8
SRR2967479,0.79481477,2.853446,3.317091,0.0,0.41151989,0.016644545,0.0,1.5507113,0.0,0.0,0.0,0.0,0.0,0.0,0.0,0.0,0.0,0.0,0.5136337,C8
SRR2967480,0.59763557,3.2923765,4.9948606,3.0725944,3.4467375,3.5170498,0.0,0.0,0.0,0.0,0.0,0.0,0.0,1.4322459,0.0,0.0,0.09260559,0.027345251,0.0539626,C11
SRR2967481,1.0995386,1.165708,2.544966,0.01697292,2.5259802,2.2761,0.0,1.8944464,0.0,0.0,0.0,0.0,0.0,0.0,0.0,0.00852247,0.03366256,0.0,0.35623595,C8
SRR2967482,2.0201905,0.0,3.2479436,0.0,1.8132659,0.434344,0.0,1.3717579,0.0,0.0,0.0,0.0,0.0,0.0,0.0,0.0,0.02442428,0.0,0.0,C9
SRR2967483,2.224111,2.3693264,3.4515703,0.0,2.6278377,1.0006877,0.0,2.105739,0.0,0.0,0.0,0.0,0.0,0.0,0.0,0.0,0.0,0.0,0.13896148,C9
SRR2967484,1.8625101,3.0946033,4.7800555,3.297692,4.0925717,4.658616,0.0,0.0,0.0,0.0,0.0,0.0,0.0,0.0,0.0,0.0,0.0,0.0,0.0,C11
SRR2967485,2.9858437,0.13892213,1.8966172,0.0,1.5424831,0.41977632,0.0,2.1343713,0.0,0.0,0.0,0.0,0.0,0.0,0.0,0.0,0.09472493,0.0,0.07187155,C10
SRR2967486,1.6632997,4.708068,4.043409,2.280647,1.8995854,3.9038613,0.0,1.4214054,0.0,0.0,0.0,0.0,0.0,0.0,0.0,0.035249665,0.05581806,0.0,0.0,C11
SRR2967487,1.3774571,3.7266505,3.2882373,0.0,1.354814,2.1628711,0.0,2.5819707,0.29066262,0.0,0.0,0.0,0.0,0.0,0.0,0.0,0.017597582,0.0,0.41531423,C8
SRR2967488,1.2734519,3.1267202,3.1163745,0.0,2.0221155,1.4068182,0.0,2.2440622,0.0,0.0,0.0,0.0,0.0,0.0,0.0,0.0,0.0,0.0,0.24936476,C8
SRR2967489,1.0690314,1.9113469,5.093921,0.0,2.8623114,2.0718062,0.0,0.047875386,0.0,0.0,0.0,0.5653813,0.0,0.0,0.0,0.0,0.047875386,0.047875386,0.13725424,C10
SRR2967490,0.1881232,2.6875293,3.5196373,0.14430521,0.76408374,1.7863402,0.0,3.543358,1.5710967,0.0,0.0,0.1881232,0.0,0.0,0.0,0.0,0.0,0.0,0.18095224,C9
SRR2967491,2.074009,2.7955577,3.8919446,0.012824018,1.8595382,1.625013,0.0,2.3219907,0.0,0.0,0.0,0.0,0.0,0.0,0.0,0.0064325654,0.0,0.0064325654,0.012824018,C9
SRR2967492,2.6623933,3.508018,3.8237913,0.0,3.3086936,0.07078042,0.0,2.361633,0.0,0.0,0.0,0.0,0.0,0.0,0.0,0.0,0.0,0.0,0.018170293,C10
SRR2967493,1.2110181,2.9637017,4.7852445,1.1080221,3.71556,3.6663876,0.0,0.92192674,0.0,0.0,0.0,0.62665415,0.0,1.1851554,0.0,0.0,0.0,0.0,1.0346422,C11
SRR2967494,0.9115297,3.2515435,2.9825094,0.0,0.28335387,3.670702,0.0,2.7467015,0.0,0.0,0.0,0.0,0.0,0.0,0.0,0.0,0.0,0.0,0.7572824,C9
SRR2967495,0.0,3.24495,5.2975855,0.0,4.180235,1.311649,0.0,0.0,0.0,0.0,0.0,0.0,0.0,0.0,0.0,0.03506597,0.0,0.0,0.0,C10
SRR2967496,0.9835024,2.640953,3.0364397,0.0,1.4738021,2.0523512,0.0,2.2903547,0.0,0.0,0.0,0.0,0.0,0.0,0.0,0.0,0.018030006,0.018030006,0.061732102,C9
SRR2967497,1.2172259,3.3926709,3.0253553,0.006205326,0.0720373,2.3941967,0.0,3.3226857,0.012372383,0.0,0.0,0.0,0.0,0.0,0.0,0.018501641,0.036667183,0.0,2.6975656,C9
SRR2967498,1.5071886,1.7748269,3.8301868,0.020166425,1.1631768,0.62912005,0.0,2.2855294,0.0,0.0,0.0,0.47059637,0.0,0.0,0.0,0.0,0.020166425,0.0,0.7174074,C9
SRR2967499,1.0305885,3.432762,3.8961184,0.0,2.3871627,0.71522665,0.0,2.9041977,0.0,0.0,0.0,0.0,0.0,0.0,0.0,0.01832053,0.01832053,0.0,1.4672596,C9
SRR2967500,1.2367468,3.262224,4.375302,0.010999867,3.5235698,3.876413,0.0,0.73955274,2.0987785,0.0,0.0,0.74481833,0.0,0.08478655,0.0,0.021880053,0.12462805,0.010999867,0.032643132,C11
SRR2967501,0.12496893,3.6179216,5.340307,0.10119339,2.9921613,3.122253,0.0,0.0,0.0,0.0,0.0,0.0,0.0,0.0,0.0,0.0,0.07683877,0.0,0.0,C10
SRR2967502,0.0,4.533349,4.309095,0.9774573,3.3669682,4.123758,0.0,0.052924927,0.0,0.0,0.0,0.0,0.0,0.0,0.0,0.0,0.026812553,0.0,0.0,C10
SRR2967503,1.4358144,2.6451285,2.3912995,0.0,1.6388855,2.2021086,0.0,2.9068124,0.0,0.0,0.0,0.0,0.0,0.0,0.0,0.0,0.044493422,0.0,0.93131167,C8
SRR2967504,0.2603506,2.0848982,2.8042688,0.016850648,2.3665698,3.11789,0.0,3.3228447,0.0,0.0,0.0,0.0,0.0,0.0,0.0,0.025170676,0.081549674,0.033422053,0.049723316,C9
SRR2967505,1.0036786,4.0890136,5.097137,2.5662487,4.0648174,3.969193,0.0,0.0,0.0,0.0,0.0,0.0,0.0,0.0,0.0,0.0,0.0,0.0,0.0,C11
SRR2967506,2.0413034,3.2466161,4.9693117,0.08275379,3.921829,1.033811,0.0,0.028352356,0.0,0.0,0.0,0.0,0.0,0.0,0.0,0.0,0.055922966,0.0,0.0,C10
SRR2967507,2.609041,2.6084058,3.762055,0.34035325,0.033923894,2.7629266,0.0,2.2509832,0.0,0.0,0.0,0.0,0.0,0.0,0.0,0.017105794,0.008589473,0.017105794,0.40568852,C9
SRR2967508,0.16227697,3.9503748,5.038961,3.3571606,3.7831044,4.7663255,0.0,0.0,0.0,0.0,0.0,0.0,0.0,0.0,0.0,0.018376013,0.03642043,0.0,0.03642043,C11
SRR2967509,1.5894762,2.8590562,3.2779236,0.0,1.1836737,0.83012396,0.0,2.158687,0.0,0.0,0.0,1.7252975,0.0,0.0,0.0,0.0,0.0,0.0,2.14745,C9
SRR2967510,0.0,3.9441593,2.8835506,0.0,0.0,0.0,0.0,3.2701945,0.0,0.0,0.0,0.0,0.0,0.0,0.0,0.0,2.8835506,0.0,0.0,C9
SRR2967511,1.3293445,2.6910808,3.6837015,1.1951872,2.6203651,3.0945108,0.0,2.4049928,0.0,0.0,0.0,0.0,0.0,0.0,0.0,0.0,0.019177753,0.0,0.12710813,C8
SRR2967512,0.6646653,3.0299392,3.6116254,0.0,0.5378561,2.0567584,0.0,1.2197413,0.0,0.0,0.0,0.0,0.0,0.0,0.0,0.0,0.0,0.0,0.034996994,C10
SRR2967513,1.5460567,3.6217742,3.6043656,0.014900342,2.110304,0.40238896,0.0,2.0919418,0.0,0.0,0.0,0.0,0.0,0.0,0.0,0.0,0.014900342,0.0,0.7888902,C8
SRR2967514,2.1234362,3.340432,4.1134562,0.0,3.192887,1.3267281,0.0,2.282049,0.0,0.0,0.0,0.0,0.0,0.0,0.0,0.0,0.0,0.067746006,0.017371604,C9
SRR2967515,2.2033992,4.2262425,3.7575703,3.1375484,2.3996325,3.815825,0.0,0.0,0.0,0.0,0.0,0.0,0.0,0.0,0.0,0.0,0.0,0.0,0.0,C11
SRR2967516,1.5668572,1.9153438,3.2569933,0.31999296,0.5144374,2.8824627,0.0,2.6445298,0.0,0.0,0.0,1.9636968,0.0,0.0,0.0,0.010140789,0.07838507,0.020179775,1.405631,C8
SRR2967517,2.9458344,3.3927832,3.70471,0.0,2.4470809,3.4017534,0.0,0.06486327,0.0,0.0,0.0,0.0,0.0,0.0,0.0,0.0,0.0,0.0,0.0,C10
SRR2967518,0.18837887,1.9439882,3.776063,0.13186806,3.00462,2.0411735,0.0,1.7958727,0.0,0.0,0.0,0.0,0.0,0.0,0.0,0.0,0.0,0.008257446,1.4010876,C9
SRR2967519,1.5098666,3.0582225,3.5955212,0.05619635,3.0454707,2.2849252,0.0,0.037812904,0.0,0.0,0.0,0.0,0.0,0.0,0.0,0.05619635,0.0,0.0,0.019085167,C10
SRR2967520,0.8761089,3.4446487,3.6647816,2.1354818,1.3501582,0.03377456,0.0,2.2105432,0.0,0.0,0.0,0.0,0.0,0.0,0.0,0.0,0.03377456,0.0136470115,1.6469012,C9
SRR2967521,2.5515347,2.9505808,2.8018103,0.0,2.4786944,1.8187137,0.0,1.6590225,0.0,0.0,0.0,0.0,0.0,0.0,0.0,0.0,0.008626983,0.0,1.77856,C8
SRR2967522,1.7139952,2.190559,2.6698134,0.0147873275,1.9270909,1.6644838,0.0,2.8777506,1.8816161,0.0,0.0,0.21978097,0.0,0.0,0.0,0.0,0.0,0.0,2.6130269,C8
SRR2967523,2.2100747,3.718315,4.816404,3.1970448,4.144061,4.634252,0.0,0.0,0.0,0.0,0.0,0.0,0.0,0.0,0.0,0.0,0.0,0.0,0.0,C11
SRR2967524,1.3581438,3.1013749,3.0035963,0.029150832,2.2768347,2.7543647,0.0,2.7705503,0.0,0.0,0.0,0.0,0.0,0.0,0.0,0.0,0.0,0.0,2.0053499,C8
SRR2967525,0.5673196,4.298654,4.425943,2.9025264,4.4061193,4.2002726,0.0,0.14352119,0.0,0.0,0.0,0.0,0.0,0.0,0.0,0.0,0.016114851,0.0,0.0,C11
SRR2967526,0.52201396,2.415521,3.0983927,0.0,0.18224968,2.8003545,0.0,0.08220406,0.0,0.0,0.0,0.0,0.0,0.0,0.0,0.0,0.0,0.0,0.0,C10
SRR2967527,0.93376565,2.9793763,3.6726162,0.7584163,1.9312826,2.9579601,0.0,2.2919135,0.0,0.0,0.0,0.059930597,0.0,0.0,0.0,0.0,0.0,0.0,0.8871774,C9
SRR2967528,1.42576,4.455698,4.8985147,2.783694,3.0249288,3.4697382,0.0,0.0,0.0,0.0,0.0,0.0,0.0,0.0,0.0,0.0,0.0,0.0,0.0,C11
SRR2967529,2.232477,2.6487074,2.2108977,0.0,0.18902673,1.0552381,0.0,3.3416824,0.0,0.0,0.0,0.0,0.0,0.06987423,0.0,0.0,0.0,0.0,0.2819254,C9
SRR2967530,1.3198801,0.0,3.0861974,0.119326726,0.20401607,2.782183,0.0,2.720348,0.0,0.0,0.0,0.0,0.0,0.0,0.0,0.0,0.0,0.0,1.3671184,C9
SRR2967531,0.4859936,4.232587,4.521754,1.8532653,2.449779,3.347632,0.0,1.0528028,0.0,0.0,0.0,0.07869936,0.0,0.0,0.0,0.0,0.0,0.0,0.0,C11
SRR2967532,0.60173965,1.6061561,2.2920992,0.0,1.1894952,1.9901531,0.0,2.874251,0.0,0.0,0.0,0.0,0.0,0.0,0.0,0.0,0.0,0.0,1.4402641,C9
SRR2967533,0.22635537,1.7833182,3.0561085,0.0,1.134348,1.8888196,0.0,1.862872,0.4260095,0.0,0.0,0.0,0.0,0.0,0.0,0.0,1.7247058,0.0,3.0025225,C9
SRR2967534,0.35483688,0.8313268,3.1048853,0.018350082,0.14618956,0.018350082,0.0,2.7270536,0.0,0.0,0.0,0.0,0.0,0.0,0.0,0.0,0.0,0.0,2.048932,C9
SRR2967535,1.6020865,1.9685585,2.5461314,0.0,0.43954602,2.4238577,0.0,2.7919347,0.0,0.0,0.0,0.0,0.0,0.0,0.0,0.0,0.0,0.0,1.9823396,C8
SRR2967536,2.1946406,1.6071126,2.907912,0.0,1.189248,0.74364203,0.0,2.566736,0.0,0.0,0.0,0.0,0.0,0.0,0.0,0.009633996,0.0,0.0,0.98022467,C9
SRR2967537,1.2535772,1.7986033,2.5421214,0.2568776,2.0343976,1.4296839,0.117120616,1.4060357,1.1093732,0.0,0.0,1.6601638,0.0,0.0,0.0,0.0,0.0,0.0,2.3544312,C9
SRR2967538,1.8394605,1.4167804,2.883753,0.0,0.031066163,2.7392442,0.0,2.3382974,2.4606566,0.0,0.0,0.007857488,0.0,0.0,0.0,0.0,0.0,0.0,0.7808218,C9
SRR2967539,0.0,3.6039996,3.528531,2.6582587,2.9476364,3.509929,0.0,0.03294388,0.16907498,0.0,0.0,0.0,0.0,0.0,0.0,0.0,0.0,0.0,0.016607596,C11
SRR2967540,0.43971565,2.643881,2.4274278,0.0,0.32852614,2.909825,0.0,3.0193067,0.0,0.0,0.0,0.8425695,0.0,0.0,0.0,0.0,0.0,0.0,3.0132105,C9
SRR2967541,1.2825385,1.2248362,1.7571654,0.0,0.0,0.011169207,0.0,2.0805225,0.25621247,0.0,0.0,0.0,0.0,0.0,0.0,0.0,0.0,0.0,1.5345222,C8
SRR2967542,1.3319986,1.9323629,0.50512207,1.2815194,0.31699702,1.7677846,0.0,3.1691995,2.2539914,0.0,0.0,0.0,0.0,0.0,0.0,0.0,0.0,0.0,2.116269,C9
SRR2967543,1.346163,0.2564264,2.441163,0.0,0.46033663,0.2041934,0.0,1.6943333,1.8494723,0.0,0.0,0.0,0.0,0.0,0.0,0.0,0.0,0.0,0.014509411,C8
SRR2967544,0.01828522,0.01828522,0.036242086,0.009184403,0.0,2.5687945,0.0,2.4407408,4.137462,0.0,0.0,0.0,0.0,0.0,1.5475435,0.0,0.0,0.0,0.12962434,C2
SRR2967545,0.45532215,1.1838579,0.009893675,2.1385252,3.604524,5.096903,0.0,0.0,0.0,0.0,0.0,0.26867214,0.0,0.34192446,0.0,0.0,0.0,0.0,0.0,C3
SRR2967546,0.996943,1.7176808,2.6009035,0.0,0.0,0.0,0.0,2.550449,0.12298387,0.0,0.0,0.0,0.0,0.0,0.0,0.0,0.0,0.0,2.0367234,C9
SRR2967547,2.2554164,2.950968,2.2546327,0.0,0.31739578,0.88355064,0.0,3.591409,0.6039182,0.0,0.0,0.0,0.0,0.0,0.5832864,0.0,0.0,0.0,2.590354,C9
SRR2967548,1.3158638,1.414665,2.1845675,0.13457566,1.5360705,0.08620706,0.0,2.074363,0.0,0.0,0.0,0.0,0.0,0.0,0.0,0.0,0.0,0.0,0.55288607,C8
SRR2967549,1.4112405,1.7386552,0.9033717,0.0,0.27591014,2.7700043,0.0,2.3876374,0.0,0.0,0.0,0.0,0.0,0.0,0.0,0.0,0.0,0.0,0.37237412,C8
SRR2967550,0.016288638,3.3359313,4.4569263,3.430636,3.5127456,3.6115043,0.0,0.016288638,0.7916425,0.0,0.0,0.0,0.0,0.0,0.0,0.0,0.0,0.0,0.0,C11
SRR2967551,1.529891,4.235265,4.219678,3.0456712,0.43144313,4.349186,0.0,0.4718429,0.0,0.0,0.0,0.39648333,0.0,0.38214985,0.0,0.0,0.0,0.0,0.0,C11
SRR2967552,1.2327796,1.8920634,1.8933133,0.0,0.17463368,2.2052026,0.0,0.10242038,2.368516,0.0,0.0,0.0,0.0,0.0,0.0,0.0,0.0,0.0,0.0,C9
SRR2967553,1.4888471,2.8077223,2.1487381,0.0,0.52493054,1.6861138,0.0,1.4731482,0.094055034,0.0,0.0,0.0,0.0,0.0,0.0,0.0,0.0,0.0,0.9621705,C8
SRR2967554,1.2525713,3.6384475,4.0537987,2.6487756,3.4831355,3.5067244,0.0,0.0,0.0,0.0,0.0,0.0,0.0,0.0,0.5664442,0.0,0.0,0.0,0.0,C11
SRR2967555,0.062498666,0.0,2.0740755,0.01599466,0.57772404,2.4135697,0.0,2.2040489,0.0,0.0,0.0,0.01599466,0.0,0.0,0.0,0.0,0.0,0.0,1.9199322,C9
SRR2967556,1.9378637,1.2865037,2.477766,0.0,2.4859009,2.6462128,0.0,1.9138603,1.7691582,0.0,0.0,0.4970093,0.0,0.0,0.0,0.0,0.0,0.0,0.014861069,C9
SRR2967557,1.8987077,3.027034,3.2881079,0.0,0.6564405,2.9652066,0.0,2.5363832,0.0,0.0,0.0,0.0,0.0,0.0,0.0,0.0,0.0,0.0,2.0774806,C9
SRR2967558,1.2410709,2.8436751,3.6980033,1.0329545,0.94817257,4.1323595,0.0,0.1618343,0.0,0.0,0.0,0.034530003,0.0,0.0,0.0,0.0,0.0,0.0,0.0,C3
SRR2967559,0.6403083,3.7877123,4.2771716,3.1421814,3.4512656,3.7159019,0.0,0.0,0.031535544,0.0,0.0,0.023744402,0.0,0.04693806,0.0,0.0,0.0,0.0,0.24712023,C11
SRR2967560,0.10886121,2.5218387,2.9069242,0.0,0.15914793,1.1939684,0.0,3.1257734,0.20702651,0.0,0.0,0.0,0.0,0.0,0.0,0.0,0.0,0.0,0.4224854,C9
SRR2967561,1.8432543,2.9159338,2.4347897,0.8347271,0.49595177,2.5892317,0.0,2.2903597,0.0,0.0,0.0,0.0,0.0,1.4303603,0.0,0.0,0.0,0.0,0.54947895,C8
SRR2967562,1.8743724,2.211224,2.200339,0.0,0.3621385,2.8868756,0.0,2.840846,0.19398822,0.0,0.0,0.0,0.0,0.0,0.0,0.0,0.0,0.0,2.077235,C9
SRR2967563,1.3765798,3.5371287,3.448601,1.790857,3.199514,3.9354806,0.0,0.02794399,0.0,0.0,0.0,0.0,0.0,0.0,0.0,0.0,0.0,0.0,0.05512829,C11
SRR2967564,1.4327081,0.0,2.6841838,0.0,0.49810594,3.2977579,0.0,2.7289739,2.858261,0.0,0.0,1.5359527,0.0,0.0,0.0,0.0,0.0,0.0,2.0951838,C9
SRR2967565,1.3916405,3.06005,3.4358203,2.5906892,2.9732957,3.970616,0.0,0.0,0.011190198,0.0,0.0,0.0,0.0,0.0,0.0,0.0,0.0,0.0,0.016738687,C11
SRR2967566,1.9662381,1.1144586,2.8444927,0.35671866,0.91064715,2.4992251,0.0,2.6439433,2.56947,0.0,0.0,0.0,0.0,0.0,0.0,0.0,0.0,0.0,0.0,C9
SRR2967567,1.7217054,4.059358,4.368967,2.3795512,3.3601217,3.39135,0.0,0.0,0.0,0.0,0.0,0.85126066,0.0,0.0,0.0,0.0,0.0,0.0,0.0,C11
SRR2967568,1.1167415,0.961311,2.6060312,0.0,1.6992004,3.0274892,0.0,2.9286509,0.0237038,0.0,0.0,0.0,0.0,0.0,0.0,0.0,0.0,0.0,1.2557973,C9
SRR2967569,0.8992318,1.342577,2.197312,0.0,0.06444067,0.25170603,0.0,2.3663287,0.8965198,0.0,0.0,0.0,0.0,0.0,0.0,0.0,0.0,0.0,2.3320227,C8
SRR2967570,2.2111955,2.7372103,3.7556655,0.0,0.6136583,1.2763025,0.0,3.353815,0.020702165,0.0,0.0,0.0,0.0,0.0,0.0,0.0,0.0,0.0,2.6786408,C9
SRR2967571,1.8429899,2.33638,2.7882469,0.433884,1.4091043,2.511586,0.0,2.4875653,2.0118437,0.0,0.0,0.0,0.0,0.0,0.0,0.0,0.0,0.0,1.9719366,C9
SRR2967572,0.0,0.0,0.0,0.0,1.8288834,0.7834489,0.5134371,1.06986,1.9854767,0.0,0.0,0.0,0.0,0.0,1.3975108,0.0,0.0,0.0,1.6185501,C2
SRR2967573,0.0,0.0,0.0,0.0,0.0,3.6769016,2.3532495,0.0,0.0,0.0,0.0,0.0,0.0,0.0,0.0,0.0,0.0,0.0,0.010926467,C3
SRR2967574,0.0,0.0,0.015698934,0.0,0.4201256,2.694992,0.015698934,0.0,0.0,0.0,0.0,0.2256723,0.0,0.0,0.2506113,0.0,0.0,0.0,0.031155216,C3
SRR2967575,0.0,0.0,0.0,0.0,0.034410696,0.0,1.7179564,0.0,2.0508306,0.0,0.0,0.083903536,0.0,0.0,0.31943733,0.0,0.0,0.0,2.0763946,C1
SRR2967576,0.0,0.0,0.0,0.0,2.0161622,3.4946473,0.0,0.0,0.0,0.0,0.0,0.0,0.0,0.0,0.0,0.0,0.0,0.0,0.0,C3
SRR2967577,0.0,0.0,0.0,0.0,0.16451989,2.679126,2.8113253,1.0537663,0.0,0.0,0.0,0.0,0.0,0.0,0.185228,0.0,0.0,0.0,3.043242,C2
SRR2967578,0.0,0.0,0.0,0.0,0.0,4.1899905,3.2455065,0.0,0.0,2.1707258,0.0,0.0,0.0,0.0,0.0,0.0,0.0,0.0,0.0,C3
SRR2967580,0.0,1.2892009,0.6855141,0.0,1.4457202,0.079743534,2.1472626,0.0,0.0,0.0,0.0,0.0,0.0,0.0,0.0,0.0,0.0,0.0,2.6143925,C1
SRR2967581,0.0,0.0,0.0,0.0,0.81416965,3.7575512,0.0,0.26225525,0.0052468823,0.0,0.0,0.0,0.0,0.0,0.0,0.0,0.0,0.0,0.0,C3
SRR2967582,0.0,0.0,0.0,0.0,0.025836373,3.9781482,1.5958453,0.0,0.0,1.1889393,0.0,0.0,0.0,0.0,0.12298294,0.0,0.0,0.0,0.0,C3
SRR2967583,0.0,0.0,0.0,0.0,2.2292824,3.3535042,1.5321242,0.28262532,0.00440391,0.0,0.0,0.46739954,0.0,0.0,2.1215746,0.0,0.0,0.0,0.0,C3
SRR2967584,0.0,0.0,0.0,0.0,0.08085561,2.9243357,0.0,0.0,0.24604724,0.0,0.0,0.005249593,0.0,0.0,0.0,0.0,0.0,0.0,0.0,C3
SRR2967585,0.0,0.0,0.010643074,0.0,0.0,4.5186734,0.0,0.20269442,0.0,0.0,0.0,0.0,0.0,0.0,0.95537186,0.0,0.0,0.0,0.021174064,C3
SRR2967586,0.0,0.0,0.0,0.0,0.81061053,2.6532166,1.7163638,0.0,0.0,0.0,0.0,0.0,0.0,0.0,0.0,0.0,0.0,0.0,0.0,C3
SRR2967587,0.0,1.7921729,1.6082366,0.0,1.8873092,0.230802,2.0149338,1.7462192,0.0,0.0,0.0,0.0,0.0,0.0,0.8298857,0.0,0.0,0.0,1.9524478,C2
SRR2967588,0.0,0.0,0.0,0.0,0.01922858,2.2115526,2.2748933,0.52713585,0.0,0.0,0.0,0.0,0.0,0.0,2.2450104,0.0,0.0,0.0,0.0,C3
SRR2967589,0.0,0.0,0.5432886,0.0,0.0,0.6861649,2.3389704,0.0,0.0,0.0,0.0,0.0,0.0,0.0,0.074294426,0.0,0.0,0.0,2.0075903,C3
SRR2967590,0.0,0.189089,1.3226906,0.0,2.3241513,2.8596618,0.0,0.0,0.0,0.0,0.0,0.24182129,0.0,0.0,0.0,0.0,0.0,0.0,0.0,C3
SRR2967591,0.0,0.0,0.16860431,0.0,1.0552332,0.011970797,0.0,0.7696975,0.0,0.0,0.0,0.0,0.0,0.0,0.0,0.0,0.0,0.0,2.9556723,C1
SRR2967592,0.0,1.8228425,1.5097381,0.0,0.6274095,0.0,1.2640629,0.18830392,0.0,0.0,0.0,0.47953445,0.0,0.0,0.97387433,0.0,0.0,0.0,2.019722,C2
SRR2967593,0.0,1.7907236,1.5687943,0.0,1.6140108,2.9306097,2.3160422,0.688902,0.0,0.0,0.0,0.0,0.0,0.0,0.0,0.0,0.0,0.0,0.0,C3
SRR2967594,0.0,0.0,0.0,0.0,2.414342,3.7393966,0.0,0.0,0.0,0.0,0.0,0.3588335,0.0,0.0,0.0,0.0,0.0,0.0,0.0,C3
SRR2967595,0.0,0.0,0.0,0.0,0.35508448,3.2359219,0.0,0.0,0.0,0.0,0.0,0.0,0.0,0.0,0.0,0.0,0.0,0.0,0.0,C3
SRR2967596,0.0,0.009353699,0.0,0.0,2.5008225,3.3441885,0.0,0.0,0.0,0.0,0.0,1.0559893,0.0,0.0,0.0,0.0,0.0,0.0,0.0,C3
SRR2967597,0.0,0.0,0.0,0.0,0.6669136,3.8853846,0.0,0.94069695,0.0,0.0,0.0,0.0,0.0,0.0,0.0,0.0,0.0,0.0,0.0,C3
SRR2967598,0.0,0.7620199,0.0,0.0,2.5059297,4.613643,0.0,0.0,0.0,0.0,0.0,0.71628386,0.0,0.0,0.0,0.0,0.0,0.0,0.0,C3
SRR2967599,0.0,0.0,0.6340383,0.0,0.011580168,3.882971,1.9523239,0.37449142,2.0750809,0.02302777,0.0,0.0,0.0,0.0,0.045537174,0.0,0.0,0.0,0.0,C3
SRR2967600,0.0,0.0,0.007473709,0.0,0.8703791,3.756702,3.732221,0.0,0.0,2.8266397,0.0,0.0,0.0,0.0,0.4653898,0.0,0.0,0.0,0.007473709,C3
SRR2967601,0.0,0.0,0.0,0.0,2.9329376,3.9373913,2.755259,0.03493616,0.0,3.5348544,0.0,0.0,0.0,0.0,0.5474557,0.0,0.0,0.0,0.005908112,C3
SRR2967602,0.0,0.0,0.0038904725,0.0,1.7702911,3.9259286,0.0,0.08943222,1.5679283,0.0,0.0,0.0,0.0,0.0,0.0,0.0,0.0,0.0,0.0,C3
SRR2967603,0.0,0.0,0.0,0.0,3.685857,2.1706088,0.0,0.8367474,0.0,0.0,0.0,0.0,0.0,0.0,0.0,0.0,0.0,0.0,0.0,C3
SRR2967604,0.0,0.0,0.0,0.0,3.1429224,4.554382,0.015602109,0.0,0.0,0.0,0.0,0.0,0.0,0.0,0.0,0.0,0.0,0.0,0.0,C3
SRR2967605,0.0,0.0,0.0,0.0,3.1595955,3.5474136,0.0,0.0,0.0,0.0,0.0,0.0,0.0,0.0,0.0,0.0,0.0,0.0,0.0,C3
SRR2967606,0.0,0.0,0.0,0.0,2.246259,3.4336276,0.0,0.0,0.0,0.0,0.0,0.0,0.0,0.0,0.0,0.0,0.0,0.0,0.0,C3
SRR2967607,0.0,2.0649536,0.7001002,0.0,2.4149613,2.2461343,1.0204419,0.0,0.0,0.0,0.0,0.0,0.0,0.0,0.08666533,0.0,0.0,0.0,0.0,C3
